-- ============================================================
-- Idawa Capital — Schéma de base de données (Phase 2)
-- À exécuter dans Supabase → SQL Editor → New query → Run
-- ============================================================

-- Fonction utilitaire : met à jour automatiquement updated_at
create or replace function public.set_updated_at()
returns trigger language plpgsql as $$
begin new.updated_at = now(); return new; end $$;

-- ------------------------------------------------------------
-- RÉFÉRENTIEL & CONFIGURATION
-- ------------------------------------------------------------

create table if not exists public.funds (
  id uuid primary key default gen_random_uuid(),
  name text not null,
  created_at timestamptz default now()
);

-- Programmes : avec la NATURE (investissement / accompagnement / mixte)
create table if not exists public.programs (
  id uuid primary key default gen_random_uuid(),
  fund_id uuid references public.funds(id) on delete cascade,
  name text not null,
  color text default '#6B5744',
  nature text not null default 'invest' check (nature in ('invest','accompagnement','mixte')),
  position int default 0,
  created_at timestamptz default now()
);

-- Taxonomie : industries -> sous-secteurs
create table if not exists public.industries (
  id uuid primary key default gen_random_uuid(),
  name text not null,
  position int default 0
);

create table if not exists public.sub_sectors (
  id uuid primary key default gen_random_uuid(),
  industry_id uuid references public.industries(id) on delete cascade,
  name text not null,
  position int default 0
);

-- Bibliothèque de KPIs par défaut (panier par sous-secteur)
create table if not exists public.kpi_library (
  id uuid primary key default gen_random_uuid(),
  sub_sector_id uuid references public.sub_sectors(id) on delete cascade,
  category text not null check (category in ('Management','Commercial','Production','Support')),
  name text not null,
  position int default 0
);

-- ------------------------------------------------------------
-- ACCÈS : rôles configurables + profils
-- ------------------------------------------------------------

create table if not exists public.roles (
  id uuid primary key default gen_random_uuid(),
  name text not null unique,
  is_preset boolean default false,
  -- permissions par module : { "pipeline":"E", "consolide":"L", ... } (V/E/L/-)
  permissions jsonb default '{}'::jsonb,
  created_at timestamptz default now()
);

create table if not exists public.profiles (
  id uuid primary key references auth.users(id) on delete cascade,
  full_name text,
  email text,
  role_id uuid references public.roles(id),
  created_at timestamptz default now()
);

-- Portée par programme (vide = accès global)
create table if not exists public.user_program_scope (
  user_id uuid references public.profiles(id) on delete cascade,
  program_id uuid references public.programs(id) on delete cascade,
  primary key (user_id, program_id)
);

-- ------------------------------------------------------------
-- DEALS (pipeline) & PORTEFEUILLE
-- ------------------------------------------------------------

create table if not exists public.deals (
  id uuid primary key default gen_random_uuid(),
  fund_id uuid references public.funds(id) on delete set null,
  company_name text not null,
  description text,
  thesis text,
  primary_sub_sector_id uuid references public.sub_sectors(id) on delete set null,
  stage text not null default 'Sourcing'
    check (stage in ('Sourcing','Analyse','Due Diligence','Négociation','Closing','Investi','Perdu')),
  amount numeric default 0,
  currency text default 'XOF',
  ownership_target numeric,
  valuation_pre numeric,
  probability int default 0,
  expected_close date,
  source text,
  investment_officer_id uuid references public.profiles(id) on delete set null,
  analyst_id uuid references public.profiles(id) on delete set null,
  track_kpis boolean default false,
  status text default 'actif',
  created_at timestamptz default now(),
  updated_at timestamptz default now()
);
create trigger deals_updated before update on public.deals
  for each row execute function public.set_updated_at();

-- Sous-secteurs secondaires d'un deal (le principal est sur deals)
create table if not exists public.deal_sub_sectors (
  deal_id uuid references public.deals(id) on delete cascade,
  sub_sector_id uuid references public.sub_sectors(id) on delete cascade,
  primary key (deal_id, sub_sector_id)
);

create table if not exists public.portfolio_companies (
  id uuid primary key default gen_random_uuid(),
  fund_id uuid references public.funds(id) on delete set null,
  name text not null,
  description text,
  primary_sub_sector_id uuid references public.sub_sectors(id) on delete set null,
  country text default 'Bénin',
  invested_date date,
  invested_amount numeric default 0,
  currency text default 'XOF',
  ownership_pct numeric,
  current_valuation numeric,
  tvpi numeric,
  tri numeric,
  status text default 'Actif' check (status in ('Actif','En difficulté','Sorti')),
  origin_deal_id uuid references public.deals(id) on delete set null,
  investment_officer_id uuid references public.profiles(id) on delete set null,
  analyst_id uuid references public.profiles(id) on delete set null,
  created_at timestamptz default now(),
  updated_at timestamptz default now()
);
create trigger companies_updated before update on public.portfolio_companies
  for each row execute function public.set_updated_at();

create table if not exists public.company_sub_sectors (
  company_id uuid references public.portfolio_companies(id) on delete cascade,
  sub_sector_id uuid references public.sub_sectors(id) on delete cascade,
  primary key (company_id, sub_sector_id)
);

-- Historique daté d'appartenance aux programmes (deals & sociétés)
create table if not exists public.program_memberships (
  id uuid primary key default gen_random_uuid(),
  entity_type text not null check (entity_type in ('deal','company')),
  entity_id uuid not null,
  program_id uuid references public.programs(id) on delete cascade,
  date_start date,
  date_end date,
  note text,
  created_at timestamptz default now()
);

-- ------------------------------------------------------------
-- COMITÉS (historique des passages, multi-passages)
-- ------------------------------------------------------------

create table if not exists public.committee_passages (
  id uuid primary key default gen_random_uuid(),
  deal_id uuid references public.deals(id) on delete cascade,
  committee_type text not null,
  session_date date,
  decision text check (decision in ('Favorable','Favorable sous conditions','Ajourné','Défavorable')),
  conditions text,
  participants text,
  minutes text,
  created_at timestamptz default now()
);

-- ------------------------------------------------------------
-- KPIs & REPORTING (business + ESG), polymorphe (deal ou société)
-- ------------------------------------------------------------

create table if not exists public.tracked_kpis (
  id uuid primary key default gen_random_uuid(),
  entity_type text not null check (entity_type in ('deal','company')),
  entity_id uuid not null,
  kind text not null default 'business' check (kind in ('business','esg')),
  category text not null, -- Management/Commercial/Production/Support ou Environnement/Social/Gouvernance
  name text not null,
  unit text,
  target numeric,
  direction text default 'high' check (direction in ('high','low')),
  created_at timestamptz default now()
);

create table if not exists public.kpi_values (
  id uuid primary key default gen_random_uuid(),
  tracked_kpi_id uuid references public.tracked_kpis(id) on delete cascade,
  period text not null, -- ex '2026-T2'
  value numeric,
  created_at timestamptz default now(),
  unique (tracked_kpi_id, period)
);

-- ------------------------------------------------------------
-- ESG & IMPACT (méthodologie I&P / IFC)
-- ------------------------------------------------------------

create table if not exists public.esg_assessments (
  id uuid primary key default gen_random_uuid(),
  entity_type text not null check (entity_type in ('deal','company')),
  entity_id uuid not null,
  exclusion_ok boolean,
  ehs_sector text,
  risk_category text check (risk_category in ('A','B','C')),
  created_at timestamptz default now()
);

create table if not exists public.esg_risk_ratings (
  id uuid primary key default gen_random_uuid(),
  assessment_id uuid references public.esg_assessments(id) on delete cascade,
  standard text not null, -- PS1..PS8, GOUV
  applicable boolean default true,
  level text check (level in ('Élevé','Moyen-Élevé','Moyen','Faible-Moyen','Faible')),
  risks text,
  opportunities text
);

create table if not exists public.esg_impact_ratings (
  id uuid primary key default gen_random_uuid(),
  entity_type text not null check (entity_type in ('deal','company')),
  entity_id uuid not null,
  dimension text not null, -- ENTREPRENEURS/CLIENTS/EMPLOYES/CONTRACTANTS
  score numeric default 0,
  max_score numeric,
  note text
);

create table if not exists public.esg_actions (
  id uuid primary key default gen_random_uuid(),
  entity_type text not null check (entity_type in ('deal','company')),
  entity_id uuid not null,
  category text check (category in ('E','S','G')),
  action text not null,
  priority text check (priority in ('Très haute','Haute','Moyenne','Basse')),
  responsible_code text, -- RI/PR/RM/AT
  cost_estimate text,
  deliverable text,
  benefit text,
  status text default 'À lancer'
    check (status in ('Réalisée','En cours','À lancer','Objectif à plus d''un an','Abandonnée','Action en continu')),
  date_start_plan date,
  date_end_plan date,
  date_start_real date,
  date_end_real date,
  comment text,
  created_at timestamptz default now()
);

-- ------------------------------------------------------------
-- RELATION : contacts, documents, partenaires
-- ------------------------------------------------------------

create table if not exists public.contacts (
  id uuid primary key default gen_random_uuid(),
  name text not null,
  function text,
  organization text,
  org_type text, -- Participation / Pipeline / Équipe Idawa / Bailleur / Consultant / Comité
  email text,
  phone text,
  notes text,
  deal_id uuid references public.deals(id) on delete set null,
  company_id uuid references public.portfolio_companies(id) on delete set null,
  created_at timestamptz default now()
);

create table if not exists public.documents (
  id uuid primary key default gen_random_uuid(),
  title text not null,
  category text,
  storage_path text,
  url text,
  deal_id uuid references public.deals(id) on delete set null,
  company_id uuid references public.portfolio_companies(id) on delete set null,
  notes text,
  created_at timestamptz default now()
);

create table if not exists public.partners (
  id uuid primary key default gen_random_uuid(),
  name text not null,
  relation_type text check (relation_type in ('Investisseur fonds','Bailleur programme','Co-investisseur')),
  fund_id uuid references public.funds(id) on delete set null,
  program_id uuid references public.programs(id) on delete set null,
  status text check (status in ('Engagé','En discussion','Due diligence')),
  amount_committed numeric default 0,
  amount_discussion numeric default 0,
  notes text,
  created_at timestamptz default now()
);

-- ------------------------------------------------------------
-- ACTIVITÉ : notes, actions de suivi, suivi du temps
-- ------------------------------------------------------------

create table if not exists public.notes (
  id uuid primary key default gen_random_uuid(),
  entity_type text not null check (entity_type in ('deal','company')),
  entity_id uuid not null,
  type text default 'Note' check (type in ('Réunion','Appel','Email','Note')),
  note_date date default now(),
  participants text,
  summary text,
  author_id uuid references public.profiles(id) on delete set null,
  created_at timestamptz default now()
);

create table if not exists public.tasks (
  id uuid primary key default gen_random_uuid(),
  entity_type text not null check (entity_type in ('deal','company')),
  entity_id uuid not null,
  title text not null,
  assignee_id uuid references public.profiles(id) on delete set null,
  assignee_label text,
  due_date date,
  status text default 'À faire' check (status in ('À faire','En cours','Fait')),
  source text, -- ex 'comité', 'note'
  created_at timestamptz default now()
);

create table if not exists public.time_entries (
  id uuid primary key default gen_random_uuid(),
  entity_type text not null check (entity_type in ('deal','company')),
  entity_id uuid not null,
  user_id uuid references public.profiles(id) on delete set null,
  member_label text,
  hours numeric default 0,
  entry_date date default now(),
  created_at timestamptz default now()
);

-- ------------------------------------------------------------
-- SÉCURITÉ (RLS) : accès réservé aux utilisateurs authentifiés.
-- (Les politiques fines par rôle seront ajoutées dans une étape dédiée.)
-- ------------------------------------------------------------
do $$
declare t text;
begin
  for t in select tablename from pg_tables where schemaname = 'public' loop
    execute format('alter table public.%I enable row level security;', t);
    execute format('drop policy if exists auth_all on public.%I;', t);
    execute format('create policy auth_all on public.%I for all to authenticated using (true) with check (true);', t);
  end loop;
end $$;

-- ------------------------------------------------------------
-- Création automatique d'un profil à l'inscription d'un utilisateur
-- ------------------------------------------------------------
create or replace function public.handle_new_user()
returns trigger language plpgsql security definer set search_path = public as $$
begin
  insert into public.profiles (id, full_name, email)
  values (new.id, coalesce(new.raw_user_meta_data->>'full_name', ''), new.email)
  on conflict (id) do nothing;
  return new;
end $$;

drop trigger if exists on_auth_user_created on auth.users;
create trigger on_auth_user_created
  after insert on auth.users
  for each row execute function public.handle_new_user();

-- ============================================================
-- Idawa Capital — Données de départ (seed)
-- À exécuter APRÈS 0001_schema.sql
-- ============================================================

insert into public.funds (id, name) values ('df7f5837-a574-49b3-8ff6-7e65ba2b4d31', 'Fonds I — Généraliste');

insert into public.programs (fund_id, name, color, nature, position) values
  ('df7f5837-a574-49b3-8ff6-7e65ba2b4d31', 'Equity', '#6B5744', 'invest', 0),
  ('df7f5837-a574-49b3-8ff6-7e65ba2b4d31', 'Agri-PME', '#7C7A3A', 'mixte', 1),
  ('df7f5837-a574-49b3-8ff6-7e65ba2b4d31', 'Tech & Digital', '#B5623F', 'mixte', 2),
  ('df7f5837-a574-49b3-8ff6-7e65ba2b4d31', 'Femmes Entrepreneures', '#8A4B5A', 'accompagnement', 3),
  ('df7f5837-a574-49b3-8ff6-7e65ba2b4d31', 'Industrie & Énergie', '#B07A2E', 'accompagnement', 4);

insert into public.roles (name, is_preset, permissions) values
  ('Administrateur', true, '{"pipeline": "E", "portefeuille": "E", "reporting": "E", "consolide": "L", "comites": "V", "config": "E", "users": "E"}'::jsonb),
  ('Associé / Direction', true, '{"pipeline": "E", "portefeuille": "E", "reporting": "E", "consolide": "L", "comites": "V", "config": "E", "users": "-"}'::jsonb),
  ('Chargé d''investissement', true, '{"pipeline": "E", "portefeuille": "E", "reporting": "E", "consolide": "-", "comites": "E", "config": "L", "users": "-"}'::jsonb),
  ('Analyste', true, '{"pipeline": "E", "portefeuille": "L", "reporting": "E", "consolide": "-", "comites": "L", "config": "L", "users": "-"}'::jsonb),
  ('Responsable ESG', true, '{"pipeline": "L", "portefeuille": "L", "reporting": "E", "consolide": "L", "comites": "L", "config": "E", "users": "-"}'::jsonb),
  ('Responsable Financier', true, '{"pipeline": "L", "portefeuille": "E", "reporting": "E", "consolide": "L", "comites": "L", "config": "L", "users": "-"}'::jsonb),
  ('Auditeur', true, '{"pipeline": "L", "portefeuille": "L", "reporting": "L", "consolide": "L", "comites": "L", "config": "L", "users": "-"}'::jsonb),
  ('Observateur / LP', true, '{"pipeline": "L", "portefeuille": "L", "reporting": "-", "consolide": "-", "comites": "L", "config": "-", "users": "-"}'::jsonb);

insert into public.industries (id, name, position) values
  ('9cbb145e-de75-4b69-bcb2-53cdeeaefd4a', 'Agro-industrie & Agriculture', 0),
  ('fbffd235-31cb-49a3-bfdc-1a695ca9f2b7', 'Industrie manufacturière', 1),
  ('3d856691-dbc3-4468-a7f5-98b9220dd247', 'Énergie & Environnement', 2),
  ('75d4155f-da8a-4d10-8751-6ecd9989ec91', 'BTP & Immobilier', 3),
  ('2ae7576d-c4d2-42a3-bf05-b16831105a3a', 'Commerce & Distribution', 4),
  ('66696cd1-904b-44d7-8a3a-c3ff6cd17af7', 'Transport & Logistique', 5),
  ('824dd411-ee53-419e-b8c1-3310531737d7', 'Technologie & Télécoms', 6),
  ('a4cba914-ea26-45b4-848c-591600dd2e8e', 'Services financiers', 7),
  ('ab345924-5ed2-4e55-ac40-8c011496113c', 'Santé', 8),
  ('653e7227-6cb7-4a66-a940-32e7ec9e163d', 'Éducation & Formation', 9),
  ('83ed361f-ba3f-4574-8a51-9e1fa48abc2f', 'Tourisme & Hôtellerie', 10),
  ('52db208e-4d6e-4a5d-8459-5b174198fe4b', 'Médias & Communication', 11),
  ('fd1c48e7-efb5-4098-885b-cd43bdadbc30', 'Services aux entreprises & particuliers', 12);

insert into public.sub_sectors (id, industry_id, name, position) values
  ('3c9508a4-a9ce-4329-bc69-1b7bbfc591ca', '9cbb145e-de75-4b69-bcb2-53cdeeaefd4a', 'Production agricole (vivrier, cultures de rente)', 0),
  ('95025cd9-07d0-46c8-9704-38c675959f34', '9cbb145e-de75-4b69-bcb2-53cdeeaefd4a', 'Élevage & aviculture', 1),
  ('913c3e54-0958-495c-a3f2-c4ae3e2e0a07', '9cbb145e-de75-4b69-bcb2-53cdeeaefd4a', 'Pêche & aquaculture', 2),
  ('740b5b06-f012-4be8-a872-f2d268c26f94', '9cbb145e-de75-4b69-bcb2-53cdeeaefd4a', 'Transformation agroalimentaire', 3),
  ('0beb22a6-42e7-43aa-9ce2-98fd6fa470fa', '9cbb145e-de75-4b69-bcb2-53cdeeaefd4a', 'Intrants & mécanisation agricole', 4),
  ('e9b71f96-6db0-42e6-8ecf-00345a31c140', '9cbb145e-de75-4b69-bcb2-53cdeeaefd4a', 'Négoce & distribution agricole', 5),
  ('69dfb60d-651c-4a11-8ef6-6c09e1d3c503', 'fbffd235-31cb-49a3-bfdc-1a695ca9f2b7', 'Textile, habillement & cuir', 0),
  ('8d2af354-51b6-46a5-ae9d-31a1b737d54f', 'fbffd235-31cb-49a3-bfdc-1a695ca9f2b7', 'Matériaux de construction', 1),
  ('2a5777b3-3e9b-4caa-8f8d-b0b115bd5081', 'fbffd235-31cb-49a3-bfdc-1a695ca9f2b7', 'Emballage & plasturgie', 2),
  ('57e6d533-f70b-4d05-8c19-32da12021e4c', 'fbffd235-31cb-49a3-bfdc-1a695ca9f2b7', 'Chimie, cosmétique & hygiène', 3),
  ('a0704c45-cf75-4063-9af7-37f75daae767', 'fbffd235-31cb-49a3-bfdc-1a695ca9f2b7', 'Bois & ameublement', 4),
  ('1c716c0d-d767-491b-b8de-bb8df98486a1', 'fbffd235-31cb-49a3-bfdc-1a695ca9f2b7', 'Métallurgie & fabrication métallique', 5),
  ('185c7917-0c38-4a9f-8ceb-4558e4422f3a', '3d856691-dbc3-4468-a7f5-98b9220dd247', 'Électricité & solaire (off-grid / mini-réseaux)', 0),
  ('ac12ac48-d34b-4a75-923c-dc9992f583c5', '3d856691-dbc3-4468-a7f5-98b9220dd247', 'Distribution d''hydrocarbures & gaz', 1),
  ('ec6940a3-f78d-4c0f-ba14-9de1c1f50caf', '3d856691-dbc3-4468-a7f5-98b9220dd247', 'Eau, assainissement & déchets', 2),
  ('3b04a962-011d-4546-bfd7-862724572fd2', '3d856691-dbc3-4468-a7f5-98b9220dd247', 'Cuisson propre', 3),
  ('b22aa2e3-d678-47b0-a38e-63a40d988766', '3d856691-dbc3-4468-a7f5-98b9220dd247', 'Efficacité énergétique', 4),
  ('28dab6ce-cc9e-40e5-b2eb-d84300f36d11', '75d4155f-da8a-4d10-8751-6ecd9989ec91', 'Construction & travaux publics', 0),
  ('ca9c9b98-c996-4d3d-978f-81dc7bdd573e', '75d4155f-da8a-4d10-8751-6ecd9989ec91', 'Promotion immobilière', 1),
  ('9916d5c0-1f7b-4251-bdb0-a6d8b74bb66f', '75d4155f-da8a-4d10-8751-6ecd9989ec91', 'Négoce de matériaux', 2),
  ('9af7500d-dffe-408a-afea-63e47c6598ea', '75d4155f-da8a-4d10-8751-6ecd9989ec91', 'Gestion & services immobiliers', 3),
  ('49843888-6b43-4965-bdc6-60ba147919ff', '2ae7576d-c4d2-42a3-bf05-b16831105a3a', 'Commerce de détail', 0),
  ('91f44086-bccd-48e8-a8bb-8512e00bd372', '2ae7576d-c4d2-42a3-bf05-b16831105a3a', 'Grande distribution & supérettes', 1),
  ('8162ba15-941d-4917-bc08-927994d827ec', '2ae7576d-c4d2-42a3-bf05-b16831105a3a', 'Grossistes & import-export', 2),
  ('ba222eb3-158f-461b-99b6-d52529171656', '2ae7576d-c4d2-42a3-bf05-b16831105a3a', 'Commerce en ligne (e-commerce)', 3),
  ('cd9106e3-e419-483d-a691-e7d712609163', '66696cd1-904b-44d7-8a3a-c3ff6cd17af7', 'Transport de marchandises', 0),
  ('9a1fb0eb-a811-49d5-a81d-eae5e458fda3', '66696cd1-904b-44d7-8a3a-c3ff6cd17af7', 'Transport de personnes', 1),
  ('4791c1ae-723a-45a1-97e8-66e68e4a5fa0', '66696cd1-904b-44d7-8a3a-c3ff6cd17af7', 'Logistique & entreposage', 2),
  ('8c3612b8-e798-4661-9750-33e0b1a30235', '66696cd1-904b-44d7-8a3a-c3ff6cd17af7', 'Livraison dernier kilomètre', 3),
  ('85490a77-cfbd-418d-baa9-f0c022278a3c', '66696cd1-904b-44d7-8a3a-c3ff6cd17af7', 'Services portuaires & douaniers', 4),
  ('d7bdfc5b-7006-4539-a3c7-e6e594b6038d', '824dd411-ee53-419e-b8c1-3310531737d7', 'Fintech & mobile money', 0),
  ('0fd250c3-0429-42f3-b977-c0a5307f541e', '824dd411-ee53-419e-b8c1-3310531737d7', 'Logiciels & SaaS', 1),
  ('bda16395-0e13-461c-b3ac-3e0b0b0b3e88', '824dd411-ee53-419e-b8c1-3310531737d7', 'Marketplaces & plateformes', 2),
  ('84ca78c3-0971-4770-8258-86636e6eb5f6', '824dd411-ee53-419e-b8c1-3310531737d7', 'Télécoms & connectivité', 3),
  ('6e5cebfe-c743-42d4-8dff-8874cc74f494', '824dd411-ee53-419e-b8c1-3310531737d7', 'Services numériques & IT', 4),
  ('1d9db055-12ee-4570-a2d1-e632d8182ff5', 'a4cba914-ea26-45b4-848c-591600dd2e8e', 'Microfinance (SFD)', 0),
  ('7e21a6fd-76a9-4690-b827-2985761a00b7', 'a4cba914-ea26-45b4-848c-591600dd2e8e', 'Assurance & assurtech', 1),
  ('0448980e-eb72-4f07-b1ef-31d0ab5a9da0', 'a4cba914-ea26-45b4-848c-591600dd2e8e', 'Crédit, leasing & financement', 2),
  ('9dee7fbf-4ce2-4fdc-9e0c-174173cb9d4b', 'a4cba914-ea26-45b4-848c-591600dd2e8e', 'Services d''investissement & bourse', 3),
  ('733dea2a-6808-4af8-9520-f70b61a76cbd', 'ab345924-5ed2-4e55-ac40-8c011496113c', 'Cliniques & hôpitaux', 0),
  ('01020f2a-d195-408e-87e4-33011e75cba9', 'ab345924-5ed2-4e55-ac40-8c011496113c', 'Pharmacie & distribution pharmaceutique', 1),
  ('499a39ba-d91c-42e9-a23c-d47fbac9c121', 'ab345924-5ed2-4e55-ac40-8c011496113c', 'Laboratoires & diagnostic', 2),
  ('e96c3a2e-ddf6-4542-8f05-da6f6ad1b0c6', 'ab345924-5ed2-4e55-ac40-8c011496113c', 'e-Santé', 3),
  ('37bb3bb3-e094-46f1-9daa-3cb72c5a5e4e', 'ab345924-5ed2-4e55-ac40-8c011496113c', 'Dispositifs & équipements médicaux', 4),
  ('c2e3d857-fb5e-4800-8ebb-f4e1ee546de6', '653e7227-6cb7-4a66-a940-32e7ec9e163d', 'Enseignement scolaire', 0),
  ('3ddf5d43-20ef-4243-8e7a-5988442cfc57', '653e7227-6cb7-4a66-a940-32e7ec9e163d', 'Enseignement supérieur', 1),
  ('6f4b60d1-aced-462b-8b04-5c594ed0db3e', '653e7227-6cb7-4a66-a940-32e7ec9e163d', 'Formation professionnelle & technique', 2),
  ('09a01cce-4494-4908-9165-6b3f3d3a4059', '653e7227-6cb7-4a66-a940-32e7ec9e163d', 'EdTech', 3),
  ('4499f8f7-9d22-4db3-a06e-002cccf9a287', '653e7227-6cb7-4a66-a940-32e7ec9e163d', 'Formation continue', 4),
  ('11d853a6-3530-4563-b937-f80d64b8fa00', '83ed361f-ba3f-4574-8a51-9e1fa48abc2f', 'Hôtellerie & hébergement', 0),
  ('a13b951c-2912-4f80-9ca5-4f49f910d054', '83ed361f-ba3f-4574-8a51-9e1fa48abc2f', 'Restauration', 1),
  ('550fab38-66a1-48b1-8374-31def00f6d20', '83ed361f-ba3f-4574-8a51-9e1fa48abc2f', 'Agences de voyage & tour-opérateurs', 2),
  ('a80ce18c-d705-4040-8328-6bceeb7f6f89', '83ed361f-ba3f-4574-8a51-9e1fa48abc2f', 'Loisirs, culture & écotourisme', 3),
  ('741a856e-2949-4f50-819d-bc693cb1a5c0', '83ed361f-ba3f-4574-8a51-9e1fa48abc2f', 'Événementiel', 4),
  ('20a1fb3b-4b97-4889-8403-fe2473e445bc', '52db208e-4d6e-4a5d-8459-5b174198fe4b', 'Médias & audiovisuel', 0),
  ('f7c78e7f-5452-42f8-b116-da272583b70d', '52db208e-4d6e-4a5d-8459-5b174198fe4b', 'Publicité & marketing', 1),
  ('b85d3fa5-b839-495a-a010-f2ca1c17dceb', '52db208e-4d6e-4a5d-8459-5b174198fe4b', 'Industries créatives & culturelles', 2),
  ('2f9a4dec-b1d8-43db-9730-07a5a4ce792c', '52db208e-4d6e-4a5d-8459-5b174198fe4b', 'Édition & imprimerie', 3),
  ('5c9a4ea1-6a48-46bd-84d0-6cbaa93caf9e', 'fd1c48e7-efb5-4098-885b-cd43bdadbc30', 'Conseil professionnel (juridique, comptable, audit)', 0),
  ('19344c8d-1189-4ccc-b1d3-1ddca844c30e', 'fd1c48e7-efb5-4098-885b-cd43bdadbc30', 'Sécurité & gardiennage', 1),
  ('85fd37e5-a632-4fc0-8ebf-ffc6b9094ce8', 'fd1c48e7-efb5-4098-885b-cd43bdadbc30', 'Nettoyage & facility management', 2),
  ('801b27b0-73eb-4f22-bec9-6b8bc0c40720', 'fd1c48e7-efb5-4098-885b-cd43bdadbc30', 'Ressources humaines & intérim', 3);

insert into public.kpi_library (sub_sector_id, category, name, position) values
  ('3c9508a4-a9ce-4329-bc69-1b7bbfc591ca', 'Management', 'Chiffre d''affaires', 0),
  ('3c9508a4-a9ce-4329-bc69-1b7bbfc591ca', 'Management', 'Marge brute (%)', 1),
  ('3c9508a4-a9ce-4329-bc69-1b7bbfc591ca', 'Management', 'Trésorerie', 2),
  ('3c9508a4-a9ce-4329-bc69-1b7bbfc591ca', 'Management', 'Coût de production / ha', 3),
  ('3c9508a4-a9ce-4329-bc69-1b7bbfc591ca', 'Commercial', 'Volume récolté vendu (t)', 0),
  ('3c9508a4-a9ce-4329-bc69-1b7bbfc591ca', 'Commercial', 'Prix de vente moyen', 1),
  ('3c9508a4-a9ce-4329-bc69-1b7bbfc591ca', 'Commercial', 'Contrats d''achat sécurisés', 2),
  ('3c9508a4-a9ce-4329-bc69-1b7bbfc591ca', 'Commercial', 'Nouveaux acheteurs', 3),
  ('3c9508a4-a9ce-4329-bc69-1b7bbfc591ca', 'Production', 'Rendement (t/ha)', 0),
  ('3c9508a4-a9ce-4329-bc69-1b7bbfc591ca', 'Production', 'Surface cultivée (ha)', 1),
  ('3c9508a4-a9ce-4329-bc69-1b7bbfc591ca', 'Production', 'Taux de pertes post-récolte (%)', 2),
  ('3c9508a4-a9ce-4329-bc69-1b7bbfc591ca', 'Production', 'Coût des intrants / ha', 3),
  ('3c9508a4-a9ce-4329-bc69-1b7bbfc591ca', 'Support', 'Effectif (permanents + saisonniers)', 0),
  ('3c9508a4-a9ce-4329-bc69-1b7bbfc591ca', 'Support', 'Heures de formation', 1),
  ('3c9508a4-a9ce-4329-bc69-1b7bbfc591ca', 'Support', 'Taux d''accidents de travail', 2),
  ('95025cd9-07d0-46c8-9704-38c675959f34', 'Management', 'Chiffre d''affaires', 0),
  ('95025cd9-07d0-46c8-9704-38c675959f34', 'Management', 'EBITDA', 1),
  ('95025cd9-07d0-46c8-9704-38c675959f34', 'Management', 'Marge brute (%)', 2),
  ('95025cd9-07d0-46c8-9704-38c675959f34', 'Management', 'Trésorerie', 3),
  ('95025cd9-07d0-46c8-9704-38c675959f34', 'Commercial', 'Volume vendu (têtes / kg)', 0),
  ('95025cd9-07d0-46c8-9704-38c675959f34', 'Commercial', 'Prix de vente moyen', 1),
  ('95025cd9-07d0-46c8-9704-38c675959f34', 'Commercial', 'Nouveaux clients / contrats', 2),
  ('95025cd9-07d0-46c8-9704-38c675959f34', 'Commercial', 'Taux de fidélisation', 3),
  ('95025cd9-07d0-46c8-9704-38c675959f34', 'Production', 'Taux de mortalité (%)', 0),
  ('95025cd9-07d0-46c8-9704-38c675959f34', 'Production', 'Indice de conversion alimentaire', 1),
  ('95025cd9-07d0-46c8-9704-38c675959f34', 'Production', 'Rendement (ponte / croissance)', 2),
  ('95025cd9-07d0-46c8-9704-38c675959f34', 'Production', 'Coût alimentaire / unité', 3),
  ('95025cd9-07d0-46c8-9704-38c675959f34', 'Support', 'Effectif', 0),
  ('95025cd9-07d0-46c8-9704-38c675959f34', 'Support', 'Turnover (%)', 1),
  ('95025cd9-07d0-46c8-9704-38c675959f34', 'Support', 'Incidents sanitaires', 2),
  ('913c3e54-0958-495c-a3f2-c4ae3e2e0a07', 'Management', 'Chiffre d''affaires', 0),
  ('913c3e54-0958-495c-a3f2-c4ae3e2e0a07', 'Management', 'EBITDA', 1),
  ('913c3e54-0958-495c-a3f2-c4ae3e2e0a07', 'Management', 'Marge brute (%)', 2),
  ('913c3e54-0958-495c-a3f2-c4ae3e2e0a07', 'Management', 'Trésorerie', 3),
  ('913c3e54-0958-495c-a3f2-c4ae3e2e0a07', 'Commercial', 'Volume vendu (t)', 0),
  ('913c3e54-0958-495c-a3f2-c4ae3e2e0a07', 'Commercial', 'Prix moyen au kg', 1),
  ('913c3e54-0958-495c-a3f2-c4ae3e2e0a07', 'Commercial', 'Nouveaux débouchés / clients', 2),
  ('913c3e54-0958-495c-a3f2-c4ae3e2e0a07', 'Commercial', 'Part export (%)', 3),
  ('913c3e54-0958-495c-a3f2-c4ae3e2e0a07', 'Production', 'Rendement par bassin / campagne', 0),
  ('913c3e54-0958-495c-a3f2-c4ae3e2e0a07', 'Production', 'Taux de survie (%)', 1),
  ('913c3e54-0958-495c-a3f2-c4ae3e2e0a07', 'Production', 'Taux de pertes (%)', 2),
  ('913c3e54-0958-495c-a3f2-c4ae3e2e0a07', 'Production', 'Coût de l''alimentation', 3),
  ('913c3e54-0958-495c-a3f2-c4ae3e2e0a07', 'Support', 'Effectif', 0),
  ('913c3e54-0958-495c-a3f2-c4ae3e2e0a07', 'Support', 'Formation', 1),
  ('913c3e54-0958-495c-a3f2-c4ae3e2e0a07', 'Support', 'Conformité sanitaire', 2),
  ('740b5b06-f012-4be8-a872-f2d268c26f94', 'Management', 'Chiffre d''affaires', 0),
  ('740b5b06-f012-4be8-a872-f2d268c26f94', 'Management', 'EBITDA', 1),
  ('740b5b06-f012-4be8-a872-f2d268c26f94', 'Management', 'Marge brute (%)', 2),
  ('740b5b06-f012-4be8-a872-f2d268c26f94', 'Management', 'Trésorerie', 3),
  ('740b5b06-f012-4be8-a872-f2d268c26f94', 'Commercial', 'Volume vendu (t)', 0),
  ('740b5b06-f012-4be8-a872-f2d268c26f94', 'Commercial', 'Nouveaux distributeurs', 1),
  ('740b5b06-f012-4be8-a872-f2d268c26f94', 'Commercial', 'Prix de vente moyen', 2),
  ('740b5b06-f012-4be8-a872-f2d268c26f94', 'Commercial', 'Taux de retour produits (%)', 3),
  ('740b5b06-f012-4be8-a872-f2d268c26f94', 'Production', 'Volume produit', 0),
  ('740b5b06-f012-4be8-a872-f2d268c26f94', 'Production', 'Rendement matière (%)', 1),
  ('740b5b06-f012-4be8-a872-f2d268c26f94', 'Production', 'Taux de pertes / gaspillage (%)', 2),
  ('740b5b06-f012-4be8-a872-f2d268c26f94', 'Production', 'Taux de qualité / conformité (%)', 3),
  ('740b5b06-f012-4be8-a872-f2d268c26f94', 'Production', 'Capacité utilisée (%)', 4),
  ('740b5b06-f012-4be8-a872-f2d268c26f94', 'Support', 'Effectif', 0),
  ('740b5b06-f012-4be8-a872-f2d268c26f94', 'Support', 'Turnover (%)', 1),
  ('740b5b06-f012-4be8-a872-f2d268c26f94', 'Support', 'Accidents de travail', 2),
  ('740b5b06-f012-4be8-a872-f2d268c26f94', 'Support', 'Certifications actives', 3),
  ('0beb22a6-42e7-43aa-9ce2-98fd6fa470fa', 'Management', 'Chiffre d''affaires', 0),
  ('0beb22a6-42e7-43aa-9ce2-98fd6fa470fa', 'Management', 'Marge brute (%)', 1),
  ('0beb22a6-42e7-43aa-9ce2-98fd6fa470fa', 'Management', 'Rotation des stocks', 2),
  ('0beb22a6-42e7-43aa-9ce2-98fd6fa470fa', 'Management', 'Trésorerie', 3),
  ('0beb22a6-42e7-43aa-9ce2-98fd6fa470fa', 'Commercial', 'Volume vendu', 0),
  ('0beb22a6-42e7-43aa-9ce2-98fd6fa470fa', 'Commercial', 'Nombre de clients agriculteurs', 1),
  ('0beb22a6-42e7-43aa-9ce2-98fd6fa470fa', 'Commercial', 'Ticket moyen', 2),
  ('0beb22a6-42e7-43aa-9ce2-98fd6fa470fa', 'Commercial', 'Couverture géographique', 3),
  ('0beb22a6-42e7-43aa-9ce2-98fd6fa470fa', 'Production', 'Taux de rupture de stock (%)', 0),
  ('0beb22a6-42e7-43aa-9ce2-98fd6fa470fa', 'Production', 'Délai de livraison', 1),
  ('0beb22a6-42e7-43aa-9ce2-98fd6fa470fa', 'Production', 'Taux de SAV / retours (%)', 2),
  ('0beb22a6-42e7-43aa-9ce2-98fd6fa470fa', 'Support', 'Effectif', 0),
  ('0beb22a6-42e7-43aa-9ce2-98fd6fa470fa', 'Support', 'Techniciens terrain', 1),
  ('0beb22a6-42e7-43aa-9ce2-98fd6fa470fa', 'Support', 'Turnover (%)', 2),
  ('e9b71f96-6db0-42e6-8ecf-00345a31c140', 'Management', 'Chiffre d''affaires', 0),
  ('e9b71f96-6db0-42e6-8ecf-00345a31c140', 'Management', 'Marge brute (%)', 1),
  ('e9b71f96-6db0-42e6-8ecf-00345a31c140', 'Management', 'BFR', 2),
  ('e9b71f96-6db0-42e6-8ecf-00345a31c140', 'Management', 'Trésorerie', 3),
  ('e9b71f96-6db0-42e6-8ecf-00345a31c140', 'Commercial', 'Volume négocié (t)', 0),
  ('e9b71f96-6db0-42e6-8ecf-00345a31c140', 'Commercial', 'Nombre de fournisseurs / clients', 1),
  ('e9b71f96-6db0-42e6-8ecf-00345a31c140', 'Commercial', 'Marge par tonne', 2),
  ('e9b71f96-6db0-42e6-8ecf-00345a31c140', 'Commercial', 'Part de marché', 3),
  ('e9b71f96-6db0-42e6-8ecf-00345a31c140', 'Production', 'Taux de pertes en stockage (%)', 0),
  ('e9b71f96-6db0-42e6-8ecf-00345a31c140', 'Production', 'Rotation des stocks', 1),
  ('e9b71f96-6db0-42e6-8ecf-00345a31c140', 'Production', 'Délai de rotation', 2),
  ('e9b71f96-6db0-42e6-8ecf-00345a31c140', 'Support', 'Effectif', 0),
  ('e9b71f96-6db0-42e6-8ecf-00345a31c140', 'Support', 'Turnover (%)', 1),
  ('69dfb60d-651c-4a11-8ef6-6c09e1d3c503', 'Management', 'Chiffre d''affaires', 0),
  ('69dfb60d-651c-4a11-8ef6-6c09e1d3c503', 'Management', 'EBITDA', 1),
  ('69dfb60d-651c-4a11-8ef6-6c09e1d3c503', 'Management', 'Marge brute (%)', 2),
  ('69dfb60d-651c-4a11-8ef6-6c09e1d3c503', 'Management', 'Trésorerie', 3),
  ('69dfb60d-651c-4a11-8ef6-6c09e1d3c503', 'Commercial', 'Volume vendu (unités)', 0),
  ('69dfb60d-651c-4a11-8ef6-6c09e1d3c503', 'Commercial', 'Nouveaux clients / commandes', 1),
  ('69dfb60d-651c-4a11-8ef6-6c09e1d3c503', 'Commercial', 'Prix de vente moyen', 2),
  ('69dfb60d-651c-4a11-8ef6-6c09e1d3c503', 'Commercial', 'Part export (%)', 3),
  ('69dfb60d-651c-4a11-8ef6-6c09e1d3c503', 'Production', 'Volume produit', 0),
  ('69dfb60d-651c-4a11-8ef6-6c09e1d3c503', 'Production', 'Taux de défaut / rebut (%)', 1),
  ('69dfb60d-651c-4a11-8ef6-6c09e1d3c503', 'Production', 'Capacité utilisée (%)', 2),
  ('69dfb60d-651c-4a11-8ef6-6c09e1d3c503', 'Production', 'Délai de production', 3),
  ('69dfb60d-651c-4a11-8ef6-6c09e1d3c503', 'Production', 'Coût unitaire', 4),
  ('69dfb60d-651c-4a11-8ef6-6c09e1d3c503', 'Support', 'Effectif', 0),
  ('69dfb60d-651c-4a11-8ef6-6c09e1d3c503', 'Support', 'Turnover (%)', 1),
  ('69dfb60d-651c-4a11-8ef6-6c09e1d3c503', 'Support', 'Accidents de travail', 2),
  ('69dfb60d-651c-4a11-8ef6-6c09e1d3c503', 'Support', 'Absentéisme (%)', 3),
  ('8d2af354-51b6-46a5-ae9d-31a1b737d54f', 'Management', 'Chiffre d''affaires', 0),
  ('8d2af354-51b6-46a5-ae9d-31a1b737d54f', 'Management', 'EBITDA', 1),
  ('8d2af354-51b6-46a5-ae9d-31a1b737d54f', 'Management', 'Marge brute (%)', 2),
  ('8d2af354-51b6-46a5-ae9d-31a1b737d54f', 'Management', 'Trésorerie', 3),
  ('8d2af354-51b6-46a5-ae9d-31a1b737d54f', 'Commercial', 'Volume vendu (t / m³)', 0),
  ('8d2af354-51b6-46a5-ae9d-31a1b737d54f', 'Commercial', 'Nouveaux clients (BTP)', 1),
  ('8d2af354-51b6-46a5-ae9d-31a1b737d54f', 'Commercial', 'Prix moyen', 2),
  ('8d2af354-51b6-46a5-ae9d-31a1b737d54f', 'Commercial', 'Carnet de commandes', 3),
  ('8d2af354-51b6-46a5-ae9d-31a1b737d54f', 'Production', 'Volume produit', 0),
  ('8d2af354-51b6-46a5-ae9d-31a1b737d54f', 'Production', 'Capacité utilisée (%)', 1),
  ('8d2af354-51b6-46a5-ae9d-31a1b737d54f', 'Production', 'Taux de rebut (%)', 2),
  ('8d2af354-51b6-46a5-ae9d-31a1b737d54f', 'Production', 'Coût énergétique / unité', 3),
  ('8d2af354-51b6-46a5-ae9d-31a1b737d54f', 'Support', 'Effectif', 0),
  ('8d2af354-51b6-46a5-ae9d-31a1b737d54f', 'Support', 'Accidents de travail', 1),
  ('8d2af354-51b6-46a5-ae9d-31a1b737d54f', 'Support', 'Turnover (%)', 2),
  ('2a5777b3-3e9b-4caa-8f8d-b0b115bd5081', 'Management', 'Chiffre d''affaires', 0),
  ('2a5777b3-3e9b-4caa-8f8d-b0b115bd5081', 'Management', 'EBITDA', 1),
  ('2a5777b3-3e9b-4caa-8f8d-b0b115bd5081', 'Management', 'Marge brute (%)', 2),
  ('2a5777b3-3e9b-4caa-8f8d-b0b115bd5081', 'Management', 'Trésorerie', 3),
  ('2a5777b3-3e9b-4caa-8f8d-b0b115bd5081', 'Commercial', 'Volume vendu', 0),
  ('2a5777b3-3e9b-4caa-8f8d-b0b115bd5081', 'Commercial', 'Nouveaux clients', 1),
  ('2a5777b3-3e9b-4caa-8f8d-b0b115bd5081', 'Commercial', 'Prix de vente moyen', 2),
  ('2a5777b3-3e9b-4caa-8f8d-b0b115bd5081', 'Commercial', 'Taux de fidélisation', 3),
  ('2a5777b3-3e9b-4caa-8f8d-b0b115bd5081', 'Production', 'Volume produit', 0),
  ('2a5777b3-3e9b-4caa-8f8d-b0b115bd5081', 'Production', 'Taux de rebut (%)', 1),
  ('2a5777b3-3e9b-4caa-8f8d-b0b115bd5081', 'Production', 'Capacité utilisée (%)', 2),
  ('2a5777b3-3e9b-4caa-8f8d-b0b115bd5081', 'Production', 'Taux de recyclage (%)', 3),
  ('2a5777b3-3e9b-4caa-8f8d-b0b115bd5081', 'Support', 'Effectif', 0),
  ('2a5777b3-3e9b-4caa-8f8d-b0b115bd5081', 'Support', 'Turnover (%)', 1),
  ('2a5777b3-3e9b-4caa-8f8d-b0b115bd5081', 'Support', 'Accidents de travail', 2),
  ('57e6d533-f70b-4d05-8c19-32da12021e4c', 'Management', 'Chiffre d''affaires', 0),
  ('57e6d533-f70b-4d05-8c19-32da12021e4c', 'Management', 'EBITDA', 1),
  ('57e6d533-f70b-4d05-8c19-32da12021e4c', 'Management', 'Marge brute (%)', 2),
  ('57e6d533-f70b-4d05-8c19-32da12021e4c', 'Management', 'Trésorerie', 3),
  ('57e6d533-f70b-4d05-8c19-32da12021e4c', 'Commercial', 'Volume vendu', 0),
  ('57e6d533-f70b-4d05-8c19-32da12021e4c', 'Commercial', 'Nombre de références (SKU)', 1),
  ('57e6d533-f70b-4d05-8c19-32da12021e4c', 'Commercial', 'Nouveaux points de vente', 2),
  ('57e6d533-f70b-4d05-8c19-32da12021e4c', 'Commercial', 'Prix moyen', 3),
  ('57e6d533-f70b-4d05-8c19-32da12021e4c', 'Production', 'Volume produit', 0),
  ('57e6d533-f70b-4d05-8c19-32da12021e4c', 'Production', 'Taux de conformité qualité (%)', 1),
  ('57e6d533-f70b-4d05-8c19-32da12021e4c', 'Production', 'Taux de rebut (%)', 2),
  ('57e6d533-f70b-4d05-8c19-32da12021e4c', 'Production', 'Capacité utilisée (%)', 3),
  ('57e6d533-f70b-4d05-8c19-32da12021e4c', 'Support', 'Effectif', 0),
  ('57e6d533-f70b-4d05-8c19-32da12021e4c', 'Support', 'Certifications / normes', 1),
  ('57e6d533-f70b-4d05-8c19-32da12021e4c', 'Support', 'Accidents de travail', 2),
  ('a0704c45-cf75-4063-9af7-37f75daae767', 'Management', 'Chiffre d''affaires', 0),
  ('a0704c45-cf75-4063-9af7-37f75daae767', 'Management', 'Marge brute (%)', 1),
  ('a0704c45-cf75-4063-9af7-37f75daae767', 'Management', 'Trésorerie', 2),
  ('a0704c45-cf75-4063-9af7-37f75daae767', 'Management', 'BFR', 3),
  ('a0704c45-cf75-4063-9af7-37f75daae767', 'Commercial', 'Volume vendu', 0),
  ('a0704c45-cf75-4063-9af7-37f75daae767', 'Commercial', 'Nouveaux clients / commandes', 1),
  ('a0704c45-cf75-4063-9af7-37f75daae767', 'Commercial', 'Ticket moyen', 2),
  ('a0704c45-cf75-4063-9af7-37f75daae767', 'Commercial', 'Délai de livraison client', 3),
  ('a0704c45-cf75-4063-9af7-37f75daae767', 'Production', 'Rendement matière (%)', 0),
  ('a0704c45-cf75-4063-9af7-37f75daae767', 'Production', 'Taux de rebut (%)', 1),
  ('a0704c45-cf75-4063-9af7-37f75daae767', 'Production', 'Délai de production', 2),
  ('a0704c45-cf75-4063-9af7-37f75daae767', 'Production', 'Capacité utilisée (%)', 3),
  ('a0704c45-cf75-4063-9af7-37f75daae767', 'Support', 'Effectif', 0),
  ('a0704c45-cf75-4063-9af7-37f75daae767', 'Support', 'Turnover (%)', 1),
  ('a0704c45-cf75-4063-9af7-37f75daae767', 'Support', 'Accidents de travail', 2),
  ('1c716c0d-d767-491b-b8de-bb8df98486a1', 'Management', 'Chiffre d''affaires', 0),
  ('1c716c0d-d767-491b-b8de-bb8df98486a1', 'Management', 'EBITDA', 1),
  ('1c716c0d-d767-491b-b8de-bb8df98486a1', 'Management', 'Marge brute (%)', 2),
  ('1c716c0d-d767-491b-b8de-bb8df98486a1', 'Management', 'Trésorerie', 3),
  ('1c716c0d-d767-491b-b8de-bb8df98486a1', 'Commercial', 'Carnet de commandes', 0),
  ('1c716c0d-d767-491b-b8de-bb8df98486a1', 'Commercial', 'Nouveaux clients', 1),
  ('1c716c0d-d767-491b-b8de-bb8df98486a1', 'Commercial', 'Prix moyen', 2),
  ('1c716c0d-d767-491b-b8de-bb8df98486a1', 'Commercial', 'Taux de conversion des devis (%)', 3),
  ('1c716c0d-d767-491b-b8de-bb8df98486a1', 'Production', 'Volume produit (t)', 0),
  ('1c716c0d-d767-491b-b8de-bb8df98486a1', 'Production', 'Taux de rebut (%)', 1),
  ('1c716c0d-d767-491b-b8de-bb8df98486a1', 'Production', 'Capacité utilisée (%)', 2),
  ('1c716c0d-d767-491b-b8de-bb8df98486a1', 'Production', 'Coût énergétique', 3),
  ('1c716c0d-d767-491b-b8de-bb8df98486a1', 'Support', 'Effectif', 0),
  ('1c716c0d-d767-491b-b8de-bb8df98486a1', 'Support', 'Accidents de travail', 1),
  ('1c716c0d-d767-491b-b8de-bb8df98486a1', 'Support', 'Turnover (%)', 2),
  ('185c7917-0c38-4a9f-8ceb-4558e4422f3a', 'Management', 'Chiffre d''affaires', 0),
  ('185c7917-0c38-4a9f-8ceb-4558e4422f3a', 'Management', 'EBITDA', 1),
  ('185c7917-0c38-4a9f-8ceb-4558e4422f3a', 'Management', 'Trésorerie', 2),
  ('185c7917-0c38-4a9f-8ceb-4558e4422f3a', 'Management', 'Runway (mois)', 3),
  ('185c7917-0c38-4a9f-8ceb-4558e4422f3a', 'Commercial', 'Kits / raccordements installés', 0),
  ('185c7917-0c38-4a9f-8ceb-4558e4422f3a', 'Commercial', 'Nouveaux clients', 1),
  ('185c7917-0c38-4a9f-8ceb-4558e4422f3a', 'Commercial', 'Taux de recouvrement PAYGO (%)', 2),
  ('185c7917-0c38-4a9f-8ceb-4558e4422f3a', 'Commercial', 'Attrition (%)', 3),
  ('185c7917-0c38-4a9f-8ceb-4558e4422f3a', 'Commercial', 'ARPU', 4),
  ('185c7917-0c38-4a9f-8ceb-4558e4422f3a', 'Production', 'kWh distribués', 0),
  ('185c7917-0c38-4a9f-8ceb-4558e4422f3a', 'Production', 'Taux de disponibilité (%)', 1),
  ('185c7917-0c38-4a9f-8ceb-4558e4422f3a', 'Production', 'Taux de panne (%)', 2),
  ('185c7917-0c38-4a9f-8ceb-4558e4422f3a', 'Production', 'Délai d''installation', 3),
  ('185c7917-0c38-4a9f-8ceb-4558e4422f3a', 'Support', 'Techniciens terrain', 0),
  ('185c7917-0c38-4a9f-8ceb-4558e4422f3a', 'Support', 'Délai d''intervention (h)', 1),
  ('185c7917-0c38-4a9f-8ceb-4558e4422f3a', 'Support', 'Satisfaction clients', 2),
  ('ac12ac48-d34b-4a75-923c-dc9992f583c5', 'Management', 'Chiffre d''affaires', 0),
  ('ac12ac48-d34b-4a75-923c-dc9992f583c5', 'Management', 'Marge brute (%)', 1),
  ('ac12ac48-d34b-4a75-923c-dc9992f583c5', 'Management', 'Trésorerie', 2),
  ('ac12ac48-d34b-4a75-923c-dc9992f583c5', 'Management', 'BFR', 3),
  ('ac12ac48-d34b-4a75-923c-dc9992f583c5', 'Commercial', 'Volume distribué (litres / kg)', 0),
  ('ac12ac48-d34b-4a75-923c-dc9992f583c5', 'Commercial', 'Nombre de points de vente', 1),
  ('ac12ac48-d34b-4a75-923c-dc9992f583c5', 'Commercial', 'Nouveaux clients B2B', 2),
  ('ac12ac48-d34b-4a75-923c-dc9992f583c5', 'Commercial', 'Part de marché', 3),
  ('ac12ac48-d34b-4a75-923c-dc9992f583c5', 'Production', 'Taux de rupture d''approvisionnement (%)', 0),
  ('ac12ac48-d34b-4a75-923c-dc9992f583c5', 'Production', 'Rotation des stocks', 1),
  ('ac12ac48-d34b-4a75-923c-dc9992f583c5', 'Production', 'Pertes / écarts (%)', 2),
  ('ac12ac48-d34b-4a75-923c-dc9992f583c5', 'Support', 'Effectif', 0),
  ('ac12ac48-d34b-4a75-923c-dc9992f583c5', 'Support', 'Incidents HSE', 1),
  ('ac12ac48-d34b-4a75-923c-dc9992f583c5', 'Support', 'Conformité réglementaire', 2),
  ('ec6940a3-f78d-4c0f-ba14-9de1c1f50caf', 'Management', 'Chiffre d''affaires', 0),
  ('ec6940a3-f78d-4c0f-ba14-9de1c1f50caf', 'Management', 'EBITDA', 1),
  ('ec6940a3-f78d-4c0f-ba14-9de1c1f50caf', 'Management', 'Trésorerie', 2),
  ('ec6940a3-f78d-4c0f-ba14-9de1c1f50caf', 'Management', 'Taux de recouvrement (%)', 3),
  ('ec6940a3-f78d-4c0f-ba14-9de1c1f50caf', 'Commercial', 'Nombre d''abonnés / clients', 0),
  ('ec6940a3-f78d-4c0f-ba14-9de1c1f50caf', 'Commercial', 'Nouveaux raccordements', 1),
  ('ec6940a3-f78d-4c0f-ba14-9de1c1f50caf', 'Commercial', 'Volume facturé', 2),
  ('ec6940a3-f78d-4c0f-ba14-9de1c1f50caf', 'Commercial', 'Attrition (%)', 3),
  ('ec6940a3-f78d-4c0f-ba14-9de1c1f50caf', 'Production', 'Volume traité', 0),
  ('ec6940a3-f78d-4c0f-ba14-9de1c1f50caf', 'Production', 'Taux de pertes / non-facturé (%)', 1),
  ('ec6940a3-f78d-4c0f-ba14-9de1c1f50caf', 'Production', 'Taux de disponibilité du service (%)', 2),
  ('ec6940a3-f78d-4c0f-ba14-9de1c1f50caf', 'Production', 'Conformité qualité (%)', 3),
  ('ec6940a3-f78d-4c0f-ba14-9de1c1f50caf', 'Support', 'Effectif', 0),
  ('ec6940a3-f78d-4c0f-ba14-9de1c1f50caf', 'Support', 'Délai d''intervention', 1),
  ('ec6940a3-f78d-4c0f-ba14-9de1c1f50caf', 'Support', 'Incidents HSE', 2),
  ('3b04a962-011d-4546-bfd7-862724572fd2', 'Management', 'Chiffre d''affaires', 0),
  ('3b04a962-011d-4546-bfd7-862724572fd2', 'Management', 'EBITDA', 1),
  ('3b04a962-011d-4546-bfd7-862724572fd2', 'Management', 'Trésorerie', 2),
  ('3b04a962-011d-4546-bfd7-862724572fd2', 'Management', 'Runway (mois)', 3),
  ('3b04a962-011d-4546-bfd7-862724572fd2', 'Commercial', 'Unités vendues', 0),
  ('3b04a962-011d-4546-bfd7-862724572fd2', 'Commercial', 'Nouveaux clients', 1),
  ('3b04a962-011d-4546-bfd7-862724572fd2', 'Commercial', 'Taux de recouvrement (%)', 2),
  ('3b04a962-011d-4546-bfd7-862724572fd2', 'Commercial', 'Rachat / recharge (%)', 3),
  ('3b04a962-011d-4546-bfd7-862724572fd2', 'Production', 'Volume produit / distribué', 0),
  ('3b04a962-011d-4546-bfd7-862724572fd2', 'Production', 'Taux de SAV (%)', 1),
  ('3b04a962-011d-4546-bfd7-862724572fd2', 'Production', 'Délai de livraison', 2),
  ('3b04a962-011d-4546-bfd7-862724572fd2', 'Production', 'Crédits carbone générés', 3),
  ('3b04a962-011d-4546-bfd7-862724572fd2', 'Support', 'Effectif', 0),
  ('3b04a962-011d-4546-bfd7-862724572fd2', 'Support', 'Réseau de distribution', 1),
  ('3b04a962-011d-4546-bfd7-862724572fd2', 'Support', 'Satisfaction clients', 2),
  ('b22aa2e3-d678-47b0-a38e-63a40d988766', 'Management', 'Chiffre d''affaires', 0),
  ('b22aa2e3-d678-47b0-a38e-63a40d988766', 'Management', 'EBITDA', 1),
  ('b22aa2e3-d678-47b0-a38e-63a40d988766', 'Management', 'Marge (%)', 2),
  ('b22aa2e3-d678-47b0-a38e-63a40d988766', 'Management', 'Trésorerie', 3),
  ('b22aa2e3-d678-47b0-a38e-63a40d988766', 'Commercial', 'Nombre de projets signés', 0),
  ('b22aa2e3-d678-47b0-a38e-63a40d988766', 'Commercial', 'Pipeline commercial', 1),
  ('b22aa2e3-d678-47b0-a38e-63a40d988766', 'Commercial', 'Économies générées client (kWh)', 2),
  ('b22aa2e3-d678-47b0-a38e-63a40d988766', 'Commercial', 'Nouveaux clients', 3),
  ('b22aa2e3-d678-47b0-a38e-63a40d988766', 'Production', 'Projets livrés', 0),
  ('b22aa2e3-d678-47b0-a38e-63a40d988766', 'Production', 'Délai de mise en œuvre', 1),
  ('b22aa2e3-d678-47b0-a38e-63a40d988766', 'Production', 'Taux de performance garantie (%)', 2),
  ('b22aa2e3-d678-47b0-a38e-63a40d988766', 'Support', 'Effectif', 0),
  ('b22aa2e3-d678-47b0-a38e-63a40d988766', 'Support', 'Techniciens certifiés', 1),
  ('b22aa2e3-d678-47b0-a38e-63a40d988766', 'Support', 'Turnover (%)', 2),
  ('28dab6ce-cc9e-40e5-b2eb-d84300f36d11', 'Management', 'Chiffre d''affaires', 0),
  ('28dab6ce-cc9e-40e5-b2eb-d84300f36d11', 'Management', 'EBITDA', 1),
  ('28dab6ce-cc9e-40e5-b2eb-d84300f36d11', 'Management', 'Marge sur chantiers (%)', 2),
  ('28dab6ce-cc9e-40e5-b2eb-d84300f36d11', 'Management', 'Trésorerie', 3),
  ('28dab6ce-cc9e-40e5-b2eb-d84300f36d11', 'Management', 'BFR', 4),
  ('28dab6ce-cc9e-40e5-b2eb-d84300f36d11', 'Commercial', 'Carnet de commandes', 0),
  ('28dab6ce-cc9e-40e5-b2eb-d84300f36d11', 'Commercial', 'Taux de conversion des appels d''offres (%)', 1),
  ('28dab6ce-cc9e-40e5-b2eb-d84300f36d11', 'Commercial', 'Nouveaux marchés signés', 2),
  ('28dab6ce-cc9e-40e5-b2eb-d84300f36d11', 'Production', 'Taux d''avancement des chantiers (%)', 0),
  ('28dab6ce-cc9e-40e5-b2eb-d84300f36d11', 'Production', 'Respect des délais (%)', 1),
  ('28dab6ce-cc9e-40e5-b2eb-d84300f36d11', 'Production', 'Dépassement de budget (%)', 2),
  ('28dab6ce-cc9e-40e5-b2eb-d84300f36d11', 'Production', 'Taux de reprise / malfaçon (%)', 3),
  ('28dab6ce-cc9e-40e5-b2eb-d84300f36d11', 'Support', 'Effectif', 0),
  ('28dab6ce-cc9e-40e5-b2eb-d84300f36d11', 'Support', 'Accidents de travail', 1),
  ('28dab6ce-cc9e-40e5-b2eb-d84300f36d11', 'Support', 'Taux de sous-traitance (%)', 2),
  ('ca9c9b98-c996-4d3d-978f-81dc7bdd573e', 'Management', 'Chiffre d''affaires', 0),
  ('ca9c9b98-c996-4d3d-978f-81dc7bdd573e', 'Management', 'Marge de promotion (%)', 1),
  ('ca9c9b98-c996-4d3d-978f-81dc7bdd573e', 'Management', 'Trésorerie', 2),
  ('ca9c9b98-c996-4d3d-978f-81dc7bdd573e', 'Management', 'Endettement / LTV', 3),
  ('ca9c9b98-c996-4d3d-978f-81dc7bdd573e', 'Commercial', 'Taux de pré-commercialisation (%)', 0),
  ('ca9c9b98-c996-4d3d-978f-81dc7bdd573e', 'Commercial', 'Unités vendues', 1),
  ('ca9c9b98-c996-4d3d-978f-81dc7bdd573e', 'Commercial', 'Prix de vente au m²', 2),
  ('ca9c9b98-c996-4d3d-978f-81dc7bdd573e', 'Commercial', 'Délai d''écoulement', 3),
  ('ca9c9b98-c996-4d3d-978f-81dc7bdd573e', 'Production', 'Taux d''avancement des programmes (%)', 0),
  ('ca9c9b98-c996-4d3d-978f-81dc7bdd573e', 'Production', 'Respect des délais (%)', 1),
  ('ca9c9b98-c996-4d3d-978f-81dc7bdd573e', 'Production', 'Coût de construction / m²', 2),
  ('ca9c9b98-c996-4d3d-978f-81dc7bdd573e', 'Support', 'Effectif', 0),
  ('ca9c9b98-c996-4d3d-978f-81dc7bdd573e', 'Support', 'Litiges clients', 1),
  ('ca9c9b98-c996-4d3d-978f-81dc7bdd573e', 'Support', 'Taux de sous-traitance (%)', 2),
  ('9916d5c0-1f7b-4251-bdb0-a6d8b74bb66f', 'Management', 'Chiffre d''affaires', 0),
  ('9916d5c0-1f7b-4251-bdb0-a6d8b74bb66f', 'Management', 'Marge brute (%)', 1),
  ('9916d5c0-1f7b-4251-bdb0-a6d8b74bb66f', 'Management', 'Rotation des stocks', 2),
  ('9916d5c0-1f7b-4251-bdb0-a6d8b74bb66f', 'Management', 'Trésorerie', 3),
  ('9916d5c0-1f7b-4251-bdb0-a6d8b74bb66f', 'Commercial', 'Volume vendu', 0),
  ('9916d5c0-1f7b-4251-bdb0-a6d8b74bb66f', 'Commercial', 'Nombre de clients actifs', 1),
  ('9916d5c0-1f7b-4251-bdb0-a6d8b74bb66f', 'Commercial', 'Ticket moyen', 2),
  ('9916d5c0-1f7b-4251-bdb0-a6d8b74bb66f', 'Commercial', 'Nouveaux clients', 3),
  ('9916d5c0-1f7b-4251-bdb0-a6d8b74bb66f', 'Production', 'Taux de rupture de stock (%)', 0),
  ('9916d5c0-1f7b-4251-bdb0-a6d8b74bb66f', 'Production', 'Délai de livraison', 1),
  ('9916d5c0-1f7b-4251-bdb0-a6d8b74bb66f', 'Production', 'Taux de retour (%)', 2),
  ('9916d5c0-1f7b-4251-bdb0-a6d8b74bb66f', 'Support', 'Effectif', 0),
  ('9916d5c0-1f7b-4251-bdb0-a6d8b74bb66f', 'Support', 'Turnover (%)', 1),
  ('9af7500d-dffe-408a-afea-63e47c6598ea', 'Management', 'Chiffre d''affaires (honoraires)', 0),
  ('9af7500d-dffe-408a-afea-63e47c6598ea', 'Management', 'EBITDA', 1),
  ('9af7500d-dffe-408a-afea-63e47c6598ea', 'Management', 'Marge (%)', 2),
  ('9af7500d-dffe-408a-afea-63e47c6598ea', 'Management', 'Trésorerie', 3),
  ('9af7500d-dffe-408a-afea-63e47c6598ea', 'Commercial', 'Surface / lots sous gestion', 0),
  ('9af7500d-dffe-408a-afea-63e47c6598ea', 'Commercial', 'Taux d''occupation (%)', 1),
  ('9af7500d-dffe-408a-afea-63e47c6598ea', 'Commercial', 'Nouveaux mandats', 2),
  ('9af7500d-dffe-408a-afea-63e47c6598ea', 'Commercial', 'Taux de rétention clients', 3),
  ('9af7500d-dffe-408a-afea-63e47c6598ea', 'Production', 'Taux de recouvrement des loyers (%)', 0),
  ('9af7500d-dffe-408a-afea-63e47c6598ea', 'Production', 'Délai de traitement des demandes', 1),
  ('9af7500d-dffe-408a-afea-63e47c6598ea', 'Production', 'Taux de vacance (%)', 2),
  ('9af7500d-dffe-408a-afea-63e47c6598ea', 'Support', 'Effectif', 0),
  ('9af7500d-dffe-408a-afea-63e47c6598ea', 'Support', 'Satisfaction locataires', 1),
  ('9af7500d-dffe-408a-afea-63e47c6598ea', 'Support', 'Turnover (%)', 2),
  ('49843888-6b43-4965-bdc6-60ba147919ff', 'Management', 'Chiffre d''affaires', 0),
  ('49843888-6b43-4965-bdc6-60ba147919ff', 'Management', 'Marge brute (%)', 1),
  ('49843888-6b43-4965-bdc6-60ba147919ff', 'Management', 'Rotation des stocks', 2),
  ('49843888-6b43-4965-bdc6-60ba147919ff', 'Management', 'Trésorerie', 3),
  ('49843888-6b43-4965-bdc6-60ba147919ff', 'Commercial', 'Ventes / m²', 0),
  ('49843888-6b43-4965-bdc6-60ba147919ff', 'Commercial', 'Panier moyen', 1),
  ('49843888-6b43-4965-bdc6-60ba147919ff', 'Commercial', 'Nombre de transactions', 2),
  ('49843888-6b43-4965-bdc6-60ba147919ff', 'Commercial', 'Taux de fidélisation', 3),
  ('49843888-6b43-4965-bdc6-60ba147919ff', 'Production', 'Taux de rupture de stock (%)', 0),
  ('49843888-6b43-4965-bdc6-60ba147919ff', 'Production', 'Taux de démarque / perte (%)', 1),
  ('49843888-6b43-4965-bdc6-60ba147919ff', 'Production', 'Rotation des stocks', 2),
  ('49843888-6b43-4965-bdc6-60ba147919ff', 'Support', 'Effectif', 0),
  ('49843888-6b43-4965-bdc6-60ba147919ff', 'Support', 'Turnover (%)', 1),
  ('49843888-6b43-4965-bdc6-60ba147919ff', 'Support', 'Ventes / employé', 2),
  ('91f44086-bccd-48e8-a8bb-8512e00bd372', 'Management', 'Chiffre d''affaires', 0),
  ('91f44086-bccd-48e8-a8bb-8512e00bd372', 'Management', 'Marge brute (%)', 1),
  ('91f44086-bccd-48e8-a8bb-8512e00bd372', 'Management', 'EBITDA', 2),
  ('91f44086-bccd-48e8-a8bb-8512e00bd372', 'Management', 'Trésorerie', 3),
  ('91f44086-bccd-48e8-a8bb-8512e00bd372', 'Commercial', 'Chiffre d''affaires / magasin', 0),
  ('91f44086-bccd-48e8-a8bb-8512e00bd372', 'Commercial', 'Panier moyen', 1),
  ('91f44086-bccd-48e8-a8bb-8512e00bd372', 'Commercial', 'Fréquentation (tickets)', 2),
  ('91f44086-bccd-48e8-a8bb-8512e00bd372', 'Commercial', 'Nombre de magasins', 3),
  ('91f44086-bccd-48e8-a8bb-8512e00bd372', 'Production', 'Taux de rupture de stock (%)', 0),
  ('91f44086-bccd-48e8-a8bb-8512e00bd372', 'Production', 'Taux de démarque (%)', 1),
  ('91f44086-bccd-48e8-a8bb-8512e00bd372', 'Production', 'Taux de péremption (%)', 2),
  ('91f44086-bccd-48e8-a8bb-8512e00bd372', 'Production', 'Rotation des stocks', 3),
  ('91f44086-bccd-48e8-a8bb-8512e00bd372', 'Support', 'Effectif', 0),
  ('91f44086-bccd-48e8-a8bb-8512e00bd372', 'Support', 'Turnover (%)', 1),
  ('91f44086-bccd-48e8-a8bb-8512e00bd372', 'Support', 'Productivité / employé', 2),
  ('8162ba15-941d-4917-bc08-927994d827ec', 'Management', 'Chiffre d''affaires', 0),
  ('8162ba15-941d-4917-bc08-927994d827ec', 'Management', 'Marge brute (%)', 1),
  ('8162ba15-941d-4917-bc08-927994d827ec', 'Management', 'BFR', 2),
  ('8162ba15-941d-4917-bc08-927994d827ec', 'Management', 'Trésorerie', 3),
  ('8162ba15-941d-4917-bc08-927994d827ec', 'Commercial', 'Volume distribué', 0),
  ('8162ba15-941d-4917-bc08-927994d827ec', 'Commercial', 'Nombre de clients actifs', 1),
  ('8162ba15-941d-4917-bc08-927994d827ec', 'Commercial', 'Marge par produit', 2),
  ('8162ba15-941d-4917-bc08-927994d827ec', 'Commercial', 'Part export / import (%)', 3),
  ('8162ba15-941d-4917-bc08-927994d827ec', 'Production', 'Rotation des stocks', 0),
  ('8162ba15-941d-4917-bc08-927994d827ec', 'Production', 'Délai de dédouanement', 1),
  ('8162ba15-941d-4917-bc08-927994d827ec', 'Production', 'Taux de rupture (%)', 2),
  ('8162ba15-941d-4917-bc08-927994d827ec', 'Support', 'Effectif', 0),
  ('8162ba15-941d-4917-bc08-927994d827ec', 'Support', 'Turnover (%)', 1),
  ('ba222eb3-158f-461b-99b6-d52529171656', 'Management', 'Chiffre d''affaires', 0),
  ('ba222eb3-158f-461b-99b6-d52529171656', 'Management', 'Marge brute (%)', 1),
  ('ba222eb3-158f-461b-99b6-d52529171656', 'Management', 'Trésorerie', 2),
  ('ba222eb3-158f-461b-99b6-d52529171656', 'Management', 'Runway (mois)', 3),
  ('ba222eb3-158f-461b-99b6-d52529171656', 'Commercial', 'Visiteurs / trafic', 0),
  ('ba222eb3-158f-461b-99b6-d52529171656', 'Commercial', 'Taux de conversion (%)', 1),
  ('ba222eb3-158f-461b-99b6-d52529171656', 'Commercial', 'Panier moyen', 2),
  ('ba222eb3-158f-461b-99b6-d52529171656', 'Commercial', 'Coût d''acquisition client (CAC)', 3),
  ('ba222eb3-158f-461b-99b6-d52529171656', 'Commercial', 'Taux de rachat (%)', 4),
  ('ba222eb3-158f-461b-99b6-d52529171656', 'Production', 'Nombre de commandes', 0),
  ('ba222eb3-158f-461b-99b6-d52529171656', 'Production', 'Délai de livraison', 1),
  ('ba222eb3-158f-461b-99b6-d52529171656', 'Production', 'Taux de retour (%)', 2),
  ('ba222eb3-158f-461b-99b6-d52529171656', 'Production', 'Taux de rupture (%)', 3),
  ('ba222eb3-158f-461b-99b6-d52529171656', 'Support', 'Effectif', 0),
  ('ba222eb3-158f-461b-99b6-d52529171656', 'Support', 'Tickets support', 1),
  ('ba222eb3-158f-461b-99b6-d52529171656', 'Support', 'Délai de résolution', 2),
  ('cd9106e3-e419-483d-a691-e7d712609163', 'Management', 'Chiffre d''affaires', 0),
  ('cd9106e3-e419-483d-a691-e7d712609163', 'Management', 'EBITDA', 1),
  ('cd9106e3-e419-483d-a691-e7d712609163', 'Management', 'Marge (%)', 2),
  ('cd9106e3-e419-483d-a691-e7d712609163', 'Management', 'Trésorerie', 3),
  ('cd9106e3-e419-483d-a691-e7d712609163', 'Commercial', 'Volume transporté (t / conteneurs)', 0),
  ('cd9106e3-e419-483d-a691-e7d712609163', 'Commercial', 'Nombre de clients actifs', 1),
  ('cd9106e3-e419-483d-a691-e7d712609163', 'Commercial', 'Prix / km ou / tonne', 2),
  ('cd9106e3-e419-483d-a691-e7d712609163', 'Commercial', 'Taux de fidélisation', 3),
  ('cd9106e3-e419-483d-a691-e7d712609163', 'Production', 'Taux de remplissage (%)', 0),
  ('cd9106e3-e419-483d-a691-e7d712609163', 'Production', 'Taux de ponctualité (%)', 1),
  ('cd9106e3-e419-483d-a691-e7d712609163', 'Production', 'Coût / km', 2),
  ('cd9106e3-e419-483d-a691-e7d712609163', 'Production', 'Taux d''immobilisation flotte (%)', 3),
  ('cd9106e3-e419-483d-a691-e7d712609163', 'Support', 'Effectif (chauffeurs)', 0),
  ('cd9106e3-e419-483d-a691-e7d712609163', 'Support', 'Accidents / incidents', 1),
  ('cd9106e3-e419-483d-a691-e7d712609163', 'Support', 'Turnover (%)', 2),
  ('9a1fb0eb-a811-49d5-a81d-eae5e458fda3', 'Management', 'Chiffre d''affaires', 0),
  ('9a1fb0eb-a811-49d5-a81d-eae5e458fda3', 'Management', 'EBITDA', 1),
  ('9a1fb0eb-a811-49d5-a81d-eae5e458fda3', 'Management', 'Marge (%)', 2),
  ('9a1fb0eb-a811-49d5-a81d-eae5e458fda3', 'Management', 'Trésorerie', 3),
  ('9a1fb0eb-a811-49d5-a81d-eae5e458fda3', 'Commercial', 'Nombre de passagers', 0),
  ('9a1fb0eb-a811-49d5-a81d-eae5e458fda3', 'Commercial', 'Taux de remplissage (%)', 1),
  ('9a1fb0eb-a811-49d5-a81d-eae5e458fda3', 'Commercial', 'Recette / km', 2),
  ('9a1fb0eb-a811-49d5-a81d-eae5e458fda3', 'Commercial', 'Nouveaux abonnés', 3),
  ('9a1fb0eb-a811-49d5-a81d-eae5e458fda3', 'Production', 'Taux de ponctualité (%)', 0),
  ('9a1fb0eb-a811-49d5-a81d-eae5e458fda3', 'Production', 'Taux de disponibilité flotte (%)', 1),
  ('9a1fb0eb-a811-49d5-a81d-eae5e458fda3', 'Production', 'Coût / km', 2),
  ('9a1fb0eb-a811-49d5-a81d-eae5e458fda3', 'Production', 'Accidents / 100 000 km', 3),
  ('9a1fb0eb-a811-49d5-a81d-eae5e458fda3', 'Support', 'Effectif', 0),
  ('9a1fb0eb-a811-49d5-a81d-eae5e458fda3', 'Support', 'Satisfaction clients', 1),
  ('9a1fb0eb-a811-49d5-a81d-eae5e458fda3', 'Support', 'Turnover (%)', 2),
  ('4791c1ae-723a-45a1-97e8-66e68e4a5fa0', 'Management', 'Chiffre d''affaires', 0),
  ('4791c1ae-723a-45a1-97e8-66e68e4a5fa0', 'Management', 'EBITDA', 1),
  ('4791c1ae-723a-45a1-97e8-66e68e4a5fa0', 'Management', 'Marge (%)', 2),
  ('4791c1ae-723a-45a1-97e8-66e68e4a5fa0', 'Management', 'Trésorerie', 3),
  ('4791c1ae-723a-45a1-97e8-66e68e4a5fa0', 'Commercial', 'Surface / volume sous gestion', 0),
  ('4791c1ae-723a-45a1-97e8-66e68e4a5fa0', 'Commercial', 'Taux d''occupation entrepôt (%)', 1),
  ('4791c1ae-723a-45a1-97e8-66e68e4a5fa0', 'Commercial', 'Nouveaux clients', 2),
  ('4791c1ae-723a-45a1-97e8-66e68e4a5fa0', 'Commercial', 'Taux de rétention', 3),
  ('4791c1ae-723a-45a1-97e8-66e68e4a5fa0', 'Production', 'Précision des stocks (%)', 0),
  ('4791c1ae-723a-45a1-97e8-66e68e4a5fa0', 'Production', 'Délai de préparation de commande', 1),
  ('4791c1ae-723a-45a1-97e8-66e68e4a5fa0', 'Production', 'Taux d''erreur de picking (%)', 2),
  ('4791c1ae-723a-45a1-97e8-66e68e4a5fa0', 'Production', 'Rotation des stocks', 3),
  ('4791c1ae-723a-45a1-97e8-66e68e4a5fa0', 'Support', 'Effectif', 0),
  ('4791c1ae-723a-45a1-97e8-66e68e4a5fa0', 'Support', 'Accidents de travail', 1),
  ('4791c1ae-723a-45a1-97e8-66e68e4a5fa0', 'Support', 'Turnover (%)', 2),
  ('8c3612b8-e798-4661-9750-33e0b1a30235', 'Management', 'Chiffre d''affaires', 0),
  ('8c3612b8-e798-4661-9750-33e0b1a30235', 'Management', 'Marge par livraison (%)', 1),
  ('8c3612b8-e798-4661-9750-33e0b1a30235', 'Management', 'Trésorerie', 2),
  ('8c3612b8-e798-4661-9750-33e0b1a30235', 'Management', 'Runway (mois)', 3),
  ('8c3612b8-e798-4661-9750-33e0b1a30235', 'Commercial', 'Nombre de livraisons', 0),
  ('8c3612b8-e798-4661-9750-33e0b1a30235', 'Commercial', 'Nouveaux clients / marchands', 1),
  ('8c3612b8-e798-4661-9750-33e0b1a30235', 'Commercial', 'Coût par livraison', 2),
  ('8c3612b8-e798-4661-9750-33e0b1a30235', 'Commercial', 'Taux de fidélisation', 3),
  ('8c3612b8-e798-4661-9750-33e0b1a30235', 'Production', 'Taux de livraison à l''heure (%)', 0),
  ('8c3612b8-e798-4661-9750-33e0b1a30235', 'Production', 'Taux d''échec de livraison (%)', 1),
  ('8c3612b8-e798-4661-9750-33e0b1a30235', 'Production', 'Livraisons / coursier / jour', 2),
  ('8c3612b8-e798-4661-9750-33e0b1a30235', 'Production', 'Délai moyen', 3),
  ('8c3612b8-e798-4661-9750-33e0b1a30235', 'Support', 'Effectif (coursiers)', 0),
  ('8c3612b8-e798-4661-9750-33e0b1a30235', 'Support', 'Satisfaction clients', 1),
  ('8c3612b8-e798-4661-9750-33e0b1a30235', 'Support', 'Turnover (%)', 2),
  ('85490a77-cfbd-418d-baa9-f0c022278a3c', 'Management', 'Chiffre d''affaires', 0),
  ('85490a77-cfbd-418d-baa9-f0c022278a3c', 'Management', 'EBITDA', 1),
  ('85490a77-cfbd-418d-baa9-f0c022278a3c', 'Management', 'Marge (%)', 2),
  ('85490a77-cfbd-418d-baa9-f0c022278a3c', 'Management', 'Trésorerie', 3),
  ('85490a77-cfbd-418d-baa9-f0c022278a3c', 'Commercial', 'Volume traité (conteneurs / t)', 0),
  ('85490a77-cfbd-418d-baa9-f0c022278a3c', 'Commercial', 'Nombre de clients', 1),
  ('85490a77-cfbd-418d-baa9-f0c022278a3c', 'Commercial', 'Nouveaux comptes', 2),
  ('85490a77-cfbd-418d-baa9-f0c022278a3c', 'Commercial', 'Part de marché', 3),
  ('85490a77-cfbd-418d-baa9-f0c022278a3c', 'Production', 'Délai de traitement / dédouanement', 0),
  ('85490a77-cfbd-418d-baa9-f0c022278a3c', 'Production', 'Taux de conformité (%)', 1),
  ('85490a77-cfbd-418d-baa9-f0c022278a3c', 'Production', 'Temps d''attente moyen', 2),
  ('85490a77-cfbd-418d-baa9-f0c022278a3c', 'Support', 'Effectif', 0),
  ('85490a77-cfbd-418d-baa9-f0c022278a3c', 'Support', 'Conformité réglementaire', 1),
  ('85490a77-cfbd-418d-baa9-f0c022278a3c', 'Support', 'Turnover (%)', 2),
  ('d7bdfc5b-7006-4539-a3c7-e6e594b6038d', 'Management', 'Chiffre d''affaires', 0),
  ('d7bdfc5b-7006-4539-a3c7-e6e594b6038d', 'Management', 'EBITDA', 1),
  ('d7bdfc5b-7006-4539-a3c7-e6e594b6038d', 'Management', 'Marge nette (%)', 2),
  ('d7bdfc5b-7006-4539-a3c7-e6e594b6038d', 'Management', 'Burn rate mensuel', 3),
  ('d7bdfc5b-7006-4539-a3c7-e6e594b6038d', 'Management', 'Runway (mois)', 4),
  ('d7bdfc5b-7006-4539-a3c7-e6e594b6038d', 'Commercial', 'Utilisateurs actifs (MAU)', 0),
  ('d7bdfc5b-7006-4539-a3c7-e6e594b6038d', 'Commercial', 'Volume de transactions (TPV)', 1),
  ('d7bdfc5b-7006-4539-a3c7-e6e594b6038d', 'Commercial', 'Nouveaux comptes', 2),
  ('d7bdfc5b-7006-4539-a3c7-e6e594b6038d', 'Commercial', 'ARPU', 3),
  ('d7bdfc5b-7006-4539-a3c7-e6e594b6038d', 'Commercial', 'Taux d''attrition (%)', 4),
  ('d7bdfc5b-7006-4539-a3c7-e6e594b6038d', 'Production', 'Nombre de transactions', 0),
  ('d7bdfc5b-7006-4539-a3c7-e6e594b6038d', 'Production', 'Taux de réussite des transactions (%)', 1),
  ('d7bdfc5b-7006-4539-a3c7-e6e594b6038d', 'Production', 'Disponibilité plateforme (%)', 2),
  ('d7bdfc5b-7006-4539-a3c7-e6e594b6038d', 'Production', 'Temps de traitement', 3),
  ('d7bdfc5b-7006-4539-a3c7-e6e594b6038d', 'Support', 'Effectif', 0),
  ('d7bdfc5b-7006-4539-a3c7-e6e594b6038d', 'Support', 'Tickets support', 1),
  ('d7bdfc5b-7006-4539-a3c7-e6e594b6038d', 'Support', 'Délai de résolution', 2),
  ('d7bdfc5b-7006-4539-a3c7-e6e594b6038d', 'Support', 'Turnover (%)', 3),
  ('0fd250c3-0429-42f3-b977-c0a5307f541e', 'Management', 'Chiffre d''affaires (ARR)', 0),
  ('0fd250c3-0429-42f3-b977-c0a5307f541e', 'Management', 'Marge brute (%)', 1),
  ('0fd250c3-0429-42f3-b977-c0a5307f541e', 'Management', 'Burn rate mensuel', 2),
  ('0fd250c3-0429-42f3-b977-c0a5307f541e', 'Management', 'Runway (mois)', 3),
  ('0fd250c3-0429-42f3-b977-c0a5307f541e', 'Commercial', 'Revenu récurrent mensuel (MRR)', 0),
  ('0fd250c3-0429-42f3-b977-c0a5307f541e', 'Commercial', 'Nouveaux clients', 1),
  ('0fd250c3-0429-42f3-b977-c0a5307f541e', 'Commercial', 'Taux d''attrition (churn %)', 2),
  ('0fd250c3-0429-42f3-b977-c0a5307f541e', 'Commercial', 'Expansion / upsell (%)', 3),
  ('0fd250c3-0429-42f3-b977-c0a5307f541e', 'Commercial', 'CAC / LTV', 4),
  ('0fd250c3-0429-42f3-b977-c0a5307f541e', 'Production', 'Disponibilité (uptime %)', 0),
  ('0fd250c3-0429-42f3-b977-c0a5307f541e', 'Production', 'Adoption / usage produit', 1),
  ('0fd250c3-0429-42f3-b977-c0a5307f541e', 'Production', 'Vélocité de développement', 2),
  ('0fd250c3-0429-42f3-b977-c0a5307f541e', 'Production', 'Nombre de bugs critiques', 3),
  ('0fd250c3-0429-42f3-b977-c0a5307f541e', 'Support', 'Effectif', 0),
  ('0fd250c3-0429-42f3-b977-c0a5307f541e', 'Support', 'Tickets support', 1),
  ('0fd250c3-0429-42f3-b977-c0a5307f541e', 'Support', 'NPS', 2),
  ('0fd250c3-0429-42f3-b977-c0a5307f541e', 'Support', 'Délai de résolution', 3),
  ('bda16395-0e13-461c-b3ac-3e0b0b0b3e88', 'Management', 'Chiffre d''affaires (commissions)', 0),
  ('bda16395-0e13-461c-b3ac-3e0b0b0b3e88', 'Management', 'Marge (take rate %)', 1),
  ('bda16395-0e13-461c-b3ac-3e0b0b0b3e88', 'Management', 'Burn rate mensuel', 2),
  ('bda16395-0e13-461c-b3ac-3e0b0b0b3e88', 'Management', 'Runway (mois)', 3),
  ('bda16395-0e13-461c-b3ac-3e0b0b0b3e88', 'Commercial', 'Volume de transactions (GMV)', 0),
  ('bda16395-0e13-461c-b3ac-3e0b0b0b3e88', 'Commercial', 'Acheteurs actifs', 1),
  ('bda16395-0e13-461c-b3ac-3e0b0b0b3e88', 'Commercial', 'Vendeurs actifs', 2),
  ('bda16395-0e13-461c-b3ac-3e0b0b0b3e88', 'Commercial', 'Taux de rétention', 3),
  ('bda16395-0e13-461c-b3ac-3e0b0b0b3e88', 'Commercial', 'Panier moyen', 4),
  ('bda16395-0e13-461c-b3ac-3e0b0b0b3e88', 'Production', 'Nombre de transactions', 0),
  ('bda16395-0e13-461c-b3ac-3e0b0b0b3e88', 'Production', 'Taux de conversion (%)', 1),
  ('bda16395-0e13-461c-b3ac-3e0b0b0b3e88', 'Production', 'Disponibilité plateforme (%)', 2),
  ('bda16395-0e13-461c-b3ac-3e0b0b0b3e88', 'Production', 'Taux de litiges (%)', 3),
  ('bda16395-0e13-461c-b3ac-3e0b0b0b3e88', 'Support', 'Effectif', 0),
  ('bda16395-0e13-461c-b3ac-3e0b0b0b3e88', 'Support', 'Tickets support', 1),
  ('bda16395-0e13-461c-b3ac-3e0b0b0b3e88', 'Support', 'Délai de résolution', 2),
  ('84ca78c3-0971-4770-8258-86636e6eb5f6', 'Management', 'Chiffre d''affaires', 0),
  ('84ca78c3-0971-4770-8258-86636e6eb5f6', 'Management', 'EBITDA', 1),
  ('84ca78c3-0971-4770-8258-86636e6eb5f6', 'Management', 'Marge (%)', 2),
  ('84ca78c3-0971-4770-8258-86636e6eb5f6', 'Management', 'Trésorerie', 3),
  ('84ca78c3-0971-4770-8258-86636e6eb5f6', 'Commercial', 'Nombre d''abonnés', 0),
  ('84ca78c3-0971-4770-8258-86636e6eb5f6', 'Commercial', 'ARPU', 1),
  ('84ca78c3-0971-4770-8258-86636e6eb5f6', 'Commercial', 'Nouveaux abonnés (nets)', 2),
  ('84ca78c3-0971-4770-8258-86636e6eb5f6', 'Commercial', 'Taux d''attrition (%)', 3),
  ('84ca78c3-0971-4770-8258-86636e6eb5f6', 'Production', 'Taux de disponibilité réseau (%)', 0),
  ('84ca78c3-0971-4770-8258-86636e6eb5f6', 'Production', 'Couverture (%)', 1),
  ('84ca78c3-0971-4770-8258-86636e6eb5f6', 'Production', 'Débit moyen', 2),
  ('84ca78c3-0971-4770-8258-86636e6eb5f6', 'Production', 'Taux de panne (%)', 3),
  ('84ca78c3-0971-4770-8258-86636e6eb5f6', 'Support', 'Effectif', 0),
  ('84ca78c3-0971-4770-8258-86636e6eb5f6', 'Support', 'Tickets support', 1),
  ('84ca78c3-0971-4770-8258-86636e6eb5f6', 'Support', 'Délai de résolution', 2),
  ('84ca78c3-0971-4770-8258-86636e6eb5f6', 'Support', 'Satisfaction clients', 3),
  ('6e5cebfe-c743-42d4-8dff-8874cc74f494', 'Management', 'Chiffre d''affaires', 0),
  ('6e5cebfe-c743-42d4-8dff-8874cc74f494', 'Management', 'Marge (%)', 1),
  ('6e5cebfe-c743-42d4-8dff-8874cc74f494', 'Management', 'Taux d''utilisation (staffing %)', 2),
  ('6e5cebfe-c743-42d4-8dff-8874cc74f494', 'Management', 'Trésorerie', 3),
  ('6e5cebfe-c743-42d4-8dff-8874cc74f494', 'Commercial', 'Carnet de commandes', 0),
  ('6e5cebfe-c743-42d4-8dff-8874cc74f494', 'Commercial', 'Nouveaux clients', 1),
  ('6e5cebfe-c743-42d4-8dff-8874cc74f494', 'Commercial', 'Taux de renouvellement', 2),
  ('6e5cebfe-c743-42d4-8dff-8874cc74f494', 'Commercial', 'Pipeline commercial', 3),
  ('6e5cebfe-c743-42d4-8dff-8874cc74f494', 'Production', 'Projets livrés à temps (%)', 0),
  ('6e5cebfe-c743-42d4-8dff-8874cc74f494', 'Production', 'Marge par projet (%)', 1),
  ('6e5cebfe-c743-42d4-8dff-8874cc74f494', 'Production', 'Taux de satisfaction livraison (%)', 2),
  ('6e5cebfe-c743-42d4-8dff-8874cc74f494', 'Support', 'Effectif', 0),
  ('6e5cebfe-c743-42d4-8dff-8874cc74f494', 'Support', 'Turnover (%)', 1),
  ('6e5cebfe-c743-42d4-8dff-8874cc74f494', 'Support', 'Taux de certification équipe', 2),
  ('1d9db055-12ee-4570-a2d1-e632d8182ff5', 'Management', 'Produits d''intérêts', 0),
  ('1d9db055-12ee-4570-a2d1-e632d8182ff5', 'Management', 'Résultat net', 1),
  ('1d9db055-12ee-4570-a2d1-e632d8182ff5', 'Management', 'Coût du risque', 2),
  ('1d9db055-12ee-4570-a2d1-e632d8182ff5', 'Management', 'Rendement des actifs (ROA)', 3),
  ('1d9db055-12ee-4570-a2d1-e632d8182ff5', 'Management', 'Trésorerie', 4),
  ('1d9db055-12ee-4570-a2d1-e632d8182ff5', 'Commercial', 'Encours de crédit', 0),
  ('1d9db055-12ee-4570-a2d1-e632d8182ff5', 'Commercial', 'Nouveaux emprunteurs', 1),
  ('1d9db055-12ee-4570-a2d1-e632d8182ff5', 'Commercial', 'Encours d''épargne', 2),
  ('1d9db055-12ee-4570-a2d1-e632d8182ff5', 'Commercial', 'Taux de recouvrement (%)', 3),
  ('1d9db055-12ee-4570-a2d1-e632d8182ff5', 'Production', 'Portefeuille à risque (PAR30 %)', 0),
  ('1d9db055-12ee-4570-a2d1-e632d8182ff5', 'Production', 'Prêts décaissés', 1),
  ('1d9db055-12ee-4570-a2d1-e632d8182ff5', 'Production', 'Délai d''octroi (jours)', 2),
  ('1d9db055-12ee-4570-a2d1-e632d8182ff5', 'Production', 'Dossiers traités / agent', 3),
  ('1d9db055-12ee-4570-a2d1-e632d8182ff5', 'Support', 'Effectif agents', 0),
  ('1d9db055-12ee-4570-a2d1-e632d8182ff5', 'Support', 'Turnover (%)', 1),
  ('1d9db055-12ee-4570-a2d1-e632d8182ff5', 'Support', 'Satisfaction clients', 2),
  ('7e21a6fd-76a9-4690-b827-2985761a00b7', 'Management', 'Primes émises', 0),
  ('7e21a6fd-76a9-4690-b827-2985761a00b7', 'Management', 'Ratio combiné (%)', 1),
  ('7e21a6fd-76a9-4690-b827-2985761a00b7', 'Management', 'Résultat technique', 2),
  ('7e21a6fd-76a9-4690-b827-2985761a00b7', 'Management', 'Trésorerie', 3),
  ('7e21a6fd-76a9-4690-b827-2985761a00b7', 'Commercial', 'Nombre de polices', 0),
  ('7e21a6fd-76a9-4690-b827-2985761a00b7', 'Commercial', 'Nouveaux contrats', 1),
  ('7e21a6fd-76a9-4690-b827-2985761a00b7', 'Commercial', 'Taux de renouvellement (%)', 2),
  ('7e21a6fd-76a9-4690-b827-2985761a00b7', 'Commercial', 'Prime moyenne', 3),
  ('7e21a6fd-76a9-4690-b827-2985761a00b7', 'Production', 'Ratio de sinistralité (%)', 0),
  ('7e21a6fd-76a9-4690-b827-2985761a00b7', 'Production', 'Délai de règlement des sinistres', 1),
  ('7e21a6fd-76a9-4690-b827-2985761a00b7', 'Production', 'Taux de fraude détecté (%)', 2),
  ('7e21a6fd-76a9-4690-b827-2985761a00b7', 'Support', 'Effectif', 0),
  ('7e21a6fd-76a9-4690-b827-2985761a00b7', 'Support', 'Réseau de distribution', 1),
  ('7e21a6fd-76a9-4690-b827-2985761a00b7', 'Support', 'Satisfaction clients', 2),
  ('0448980e-eb72-4f07-b1ef-31d0ab5a9da0', 'Management', 'Produit net bancaire', 0),
  ('0448980e-eb72-4f07-b1ef-31d0ab5a9da0', 'Management', 'Résultat net', 1),
  ('0448980e-eb72-4f07-b1ef-31d0ab5a9da0', 'Management', 'Coût du risque', 2),
  ('0448980e-eb72-4f07-b1ef-31d0ab5a9da0', 'Management', 'Rendement des fonds propres (ROE)', 3),
  ('0448980e-eb72-4f07-b1ef-31d0ab5a9da0', 'Commercial', 'Encours de financement', 0),
  ('0448980e-eb72-4f07-b1ef-31d0ab5a9da0', 'Commercial', 'Nouveaux dossiers', 1),
  ('0448980e-eb72-4f07-b1ef-31d0ab5a9da0', 'Commercial', 'Montant moyen financé', 2),
  ('0448980e-eb72-4f07-b1ef-31d0ab5a9da0', 'Commercial', 'Taux de conversion (%)', 3),
  ('0448980e-eb72-4f07-b1ef-31d0ab5a9da0', 'Production', 'Taux de défaut / NPL (%)', 0),
  ('0448980e-eb72-4f07-b1ef-31d0ab5a9da0', 'Production', 'Délai d''instruction', 1),
  ('0448980e-eb72-4f07-b1ef-31d0ab5a9da0', 'Production', 'Taux de recouvrement (%)', 2),
  ('0448980e-eb72-4f07-b1ef-31d0ab5a9da0', 'Support', 'Effectif', 0),
  ('0448980e-eb72-4f07-b1ef-31d0ab5a9da0', 'Support', 'Turnover (%)', 1),
  ('9dee7fbf-4ce2-4fdc-9e0c-174173cb9d4b', 'Management', 'Chiffre d''affaires (commissions)', 0),
  ('9dee7fbf-4ce2-4fdc-9e0c-174173cb9d4b', 'Management', 'Marge (%)', 1),
  ('9dee7fbf-4ce2-4fdc-9e0c-174173cb9d4b', 'Management', 'Actifs sous gestion (AUM)', 2),
  ('9dee7fbf-4ce2-4fdc-9e0c-174173cb9d4b', 'Management', 'Trésorerie', 3),
  ('9dee7fbf-4ce2-4fdc-9e0c-174173cb9d4b', 'Commercial', 'Nombre de clients', 0),
  ('9dee7fbf-4ce2-4fdc-9e0c-174173cb9d4b', 'Commercial', 'Collecte nette', 1),
  ('9dee7fbf-4ce2-4fdc-9e0c-174173cb9d4b', 'Commercial', 'Nouveaux comptes', 2),
  ('9dee7fbf-4ce2-4fdc-9e0c-174173cb9d4b', 'Commercial', 'Rétention clients (%)', 3),
  ('9dee7fbf-4ce2-4fdc-9e0c-174173cb9d4b', 'Production', 'Volume de transactions', 0),
  ('9dee7fbf-4ce2-4fdc-9e0c-174173cb9d4b', 'Production', 'Performance des portefeuilles (%)', 1),
  ('9dee7fbf-4ce2-4fdc-9e0c-174173cb9d4b', 'Production', 'Délai d''exécution', 2),
  ('9dee7fbf-4ce2-4fdc-9e0c-174173cb9d4b', 'Support', 'Effectif', 0),
  ('9dee7fbf-4ce2-4fdc-9e0c-174173cb9d4b', 'Support', 'Conformité réglementaire', 1),
  ('9dee7fbf-4ce2-4fdc-9e0c-174173cb9d4b', 'Support', 'Turnover (%)', 2),
  ('733dea2a-6808-4af8-9520-f70b61a76cbd', 'Management', 'Chiffre d''affaires', 0),
  ('733dea2a-6808-4af8-9520-f70b61a76cbd', 'Management', 'EBITDA', 1),
  ('733dea2a-6808-4af8-9520-f70b61a76cbd', 'Management', 'Marge (%)', 2),
  ('733dea2a-6808-4af8-9520-f70b61a76cbd', 'Management', 'Créances patients', 3),
  ('733dea2a-6808-4af8-9520-f70b61a76cbd', 'Management', 'Trésorerie', 4),
  ('733dea2a-6808-4af8-9520-f70b61a76cbd', 'Commercial', 'Nombre de patients', 0),
  ('733dea2a-6808-4af8-9520-f70b61a76cbd', 'Commercial', 'Taux d''occupation des lits (%)', 1),
  ('733dea2a-6808-4af8-9520-f70b61a76cbd', 'Commercial', 'Actes / consultations', 2),
  ('733dea2a-6808-4af8-9520-f70b61a76cbd', 'Commercial', 'Ticket moyen', 3),
  ('733dea2a-6808-4af8-9520-f70b61a76cbd', 'Production', 'Durée moyenne de séjour', 0),
  ('733dea2a-6808-4af8-9520-f70b61a76cbd', 'Production', 'Taux de réadmission (%)', 1),
  ('733dea2a-6808-4af8-9520-f70b61a76cbd', 'Production', 'Taux d''infection nosocomiale (%)', 2),
  ('733dea2a-6808-4af8-9520-f70b61a76cbd', 'Production', 'Taux d''utilisation des blocs (%)', 3),
  ('733dea2a-6808-4af8-9520-f70b61a76cbd', 'Support', 'Effectif soignant', 0),
  ('733dea2a-6808-4af8-9520-f70b61a76cbd', 'Support', 'Ratio personnel / patient', 1),
  ('733dea2a-6808-4af8-9520-f70b61a76cbd', 'Support', 'Turnover (%)', 2),
  ('01020f2a-d195-408e-87e4-33011e75cba9', 'Management', 'Chiffre d''affaires', 0),
  ('01020f2a-d195-408e-87e4-33011e75cba9', 'Management', 'Marge brute (%)', 1),
  ('01020f2a-d195-408e-87e4-33011e75cba9', 'Management', 'Rotation des stocks', 2),
  ('01020f2a-d195-408e-87e4-33011e75cba9', 'Management', 'Trésorerie', 3),
  ('01020f2a-d195-408e-87e4-33011e75cba9', 'Commercial', 'Nombre de clients / ordonnances', 0),
  ('01020f2a-d195-408e-87e4-33011e75cba9', 'Commercial', 'Panier moyen', 1),
  ('01020f2a-d195-408e-87e4-33011e75cba9', 'Commercial', 'Ventes par référence', 2),
  ('01020f2a-d195-408e-87e4-33011e75cba9', 'Commercial', 'Nouveaux points de vente', 3),
  ('01020f2a-d195-408e-87e4-33011e75cba9', 'Production', 'Taux de rupture de stock (%)', 0),
  ('01020f2a-d195-408e-87e4-33011e75cba9', 'Production', 'Taux de péremption (%)', 1),
  ('01020f2a-d195-408e-87e4-33011e75cba9', 'Production', 'Délai de réapprovisionnement', 2),
  ('01020f2a-d195-408e-87e4-33011e75cba9', 'Support', 'Effectif', 0),
  ('01020f2a-d195-408e-87e4-33011e75cba9', 'Support', 'Turnover (%)', 1),
  ('01020f2a-d195-408e-87e4-33011e75cba9', 'Support', 'Conformité réglementaire', 2),
  ('499a39ba-d91c-42e9-a23c-d47fbac9c121', 'Management', 'Chiffre d''affaires', 0),
  ('499a39ba-d91c-42e9-a23c-d47fbac9c121', 'Management', 'EBITDA', 1),
  ('499a39ba-d91c-42e9-a23c-d47fbac9c121', 'Management', 'Marge (%)', 2),
  ('499a39ba-d91c-42e9-a23c-d47fbac9c121', 'Management', 'Trésorerie', 3),
  ('499a39ba-d91c-42e9-a23c-d47fbac9c121', 'Commercial', 'Nombre d''analyses / tests', 0),
  ('499a39ba-d91c-42e9-a23c-d47fbac9c121', 'Commercial', 'Nouveaux prescripteurs', 1),
  ('499a39ba-d91c-42e9-a23c-d47fbac9c121', 'Commercial', 'Ticket moyen', 2),
  ('499a39ba-d91c-42e9-a23c-d47fbac9c121', 'Commercial', 'Part de marché', 3),
  ('499a39ba-d91c-42e9-a23c-d47fbac9c121', 'Production', 'Délai de rendu des résultats', 0),
  ('499a39ba-d91c-42e9-a23c-d47fbac9c121', 'Production', 'Taux d''erreur / reprise (%)', 1),
  ('499a39ba-d91c-42e9-a23c-d47fbac9c121', 'Production', 'Taux d''utilisation des équipements (%)', 2),
  ('499a39ba-d91c-42e9-a23c-d47fbac9c121', 'Production', 'Conformité qualité (%)', 3),
  ('499a39ba-d91c-42e9-a23c-d47fbac9c121', 'Support', 'Effectif technique', 0),
  ('499a39ba-d91c-42e9-a23c-d47fbac9c121', 'Support', 'Accréditations', 1),
  ('499a39ba-d91c-42e9-a23c-d47fbac9c121', 'Support', 'Turnover (%)', 2),
  ('e96c3a2e-ddf6-4542-8f05-da6f6ad1b0c6', 'Management', 'Chiffre d''affaires', 0),
  ('e96c3a2e-ddf6-4542-8f05-da6f6ad1b0c6', 'Management', 'Marge brute (%)', 1),
  ('e96c3a2e-ddf6-4542-8f05-da6f6ad1b0c6', 'Management', 'Burn rate mensuel', 2),
  ('e96c3a2e-ddf6-4542-8f05-da6f6ad1b0c6', 'Management', 'Runway (mois)', 3),
  ('e96c3a2e-ddf6-4542-8f05-da6f6ad1b0c6', 'Commercial', 'Utilisateurs actifs', 0),
  ('e96c3a2e-ddf6-4542-8f05-da6f6ad1b0c6', 'Commercial', 'Nouveaux inscrits', 1),
  ('e96c3a2e-ddf6-4542-8f05-da6f6ad1b0c6', 'Commercial', 'Taux d''attrition (%)', 2),
  ('e96c3a2e-ddf6-4542-8f05-da6f6ad1b0c6', 'Commercial', 'Consultations / mois', 3),
  ('e96c3a2e-ddf6-4542-8f05-da6f6ad1b0c6', 'Production', 'Disponibilité plateforme (%)', 0),
  ('e96c3a2e-ddf6-4542-8f05-da6f6ad1b0c6', 'Production', 'Délai de prise en charge', 1),
  ('e96c3a2e-ddf6-4542-8f05-da6f6ad1b0c6', 'Production', 'Taux de complétion des parcours (%)', 2),
  ('e96c3a2e-ddf6-4542-8f05-da6f6ad1b0c6', 'Support', 'Effectif', 0),
  ('e96c3a2e-ddf6-4542-8f05-da6f6ad1b0c6', 'Support', 'Tickets support', 1),
  ('e96c3a2e-ddf6-4542-8f05-da6f6ad1b0c6', 'Support', 'Satisfaction patients (NPS)', 2),
  ('37bb3bb3-e094-46f1-9daa-3cb72c5a5e4e', 'Management', 'Chiffre d''affaires', 0),
  ('37bb3bb3-e094-46f1-9daa-3cb72c5a5e4e', 'Management', 'Marge brute (%)', 1),
  ('37bb3bb3-e094-46f1-9daa-3cb72c5a5e4e', 'Management', 'Trésorerie', 2),
  ('37bb3bb3-e094-46f1-9daa-3cb72c5a5e4e', 'Management', 'BFR', 3),
  ('37bb3bb3-e094-46f1-9daa-3cb72c5a5e4e', 'Commercial', 'Unités vendues', 0),
  ('37bb3bb3-e094-46f1-9daa-3cb72c5a5e4e', 'Commercial', 'Nouveaux clients (établissements)', 1),
  ('37bb3bb3-e094-46f1-9daa-3cb72c5a5e4e', 'Commercial', 'Carnet de commandes', 2),
  ('37bb3bb3-e094-46f1-9daa-3cb72c5a5e4e', 'Commercial', 'Taux de renouvellement', 3),
  ('37bb3bb3-e094-46f1-9daa-3cb72c5a5e4e', 'Production', 'Délai de livraison', 0),
  ('37bb3bb3-e094-46f1-9daa-3cb72c5a5e4e', 'Production', 'Taux de SAV / panne (%)', 1),
  ('37bb3bb3-e094-46f1-9daa-3cb72c5a5e4e', 'Production', 'Taux de conformité réglementaire (%)', 2),
  ('37bb3bb3-e094-46f1-9daa-3cb72c5a5e4e', 'Support', 'Effectif', 0),
  ('37bb3bb3-e094-46f1-9daa-3cb72c5a5e4e', 'Support', 'Techniciens SAV', 1),
  ('37bb3bb3-e094-46f1-9daa-3cb72c5a5e4e', 'Support', 'Turnover (%)', 2),
  ('c2e3d857-fb5e-4800-8ebb-f4e1ee546de6', 'Management', 'Chiffre d''affaires (scolarités)', 0),
  ('c2e3d857-fb5e-4800-8ebb-f4e1ee546de6', 'Management', 'EBITDA', 1),
  ('c2e3d857-fb5e-4800-8ebb-f4e1ee546de6', 'Management', 'Marge (%)', 2),
  ('c2e3d857-fb5e-4800-8ebb-f4e1ee546de6', 'Management', 'Taux de recouvrement (%)', 3),
  ('c2e3d857-fb5e-4800-8ebb-f4e1ee546de6', 'Commercial', 'Nombre d''élèves inscrits', 0),
  ('c2e3d857-fb5e-4800-8ebb-f4e1ee546de6', 'Commercial', 'Taux de remplissage des classes (%)', 1),
  ('c2e3d857-fb5e-4800-8ebb-f4e1ee546de6', 'Commercial', 'Nouvelles inscriptions', 2),
  ('c2e3d857-fb5e-4800-8ebb-f4e1ee546de6', 'Commercial', 'Taux de réinscription (%)', 3),
  ('c2e3d857-fb5e-4800-8ebb-f4e1ee546de6', 'Production', 'Taux de réussite aux examens (%)', 0),
  ('c2e3d857-fb5e-4800-8ebb-f4e1ee546de6', 'Production', 'Ratio élèves / enseignant', 1),
  ('c2e3d857-fb5e-4800-8ebb-f4e1ee546de6', 'Production', 'Taux d''assiduité (%)', 2),
  ('c2e3d857-fb5e-4800-8ebb-f4e1ee546de6', 'Support', 'Effectif enseignant', 0),
  ('c2e3d857-fb5e-4800-8ebb-f4e1ee546de6', 'Support', 'Turnover (%)', 1),
  ('c2e3d857-fb5e-4800-8ebb-f4e1ee546de6', 'Support', 'Satisfaction parents', 2),
  ('3ddf5d43-20ef-4243-8e7a-5988442cfc57', 'Management', 'Chiffre d''affaires', 0),
  ('3ddf5d43-20ef-4243-8e7a-5988442cfc57', 'Management', 'EBITDA', 1),
  ('3ddf5d43-20ef-4243-8e7a-5988442cfc57', 'Management', 'Marge (%)', 2),
  ('3ddf5d43-20ef-4243-8e7a-5988442cfc57', 'Management', 'Taux de recouvrement (%)', 3),
  ('3ddf5d43-20ef-4243-8e7a-5988442cfc57', 'Commercial', 'Nombre d''étudiants', 0),
  ('3ddf5d43-20ef-4243-8e7a-5988442cfc57', 'Commercial', 'Nouvelles inscriptions', 1),
  ('3ddf5d43-20ef-4243-8e7a-5988442cfc57', 'Commercial', 'Taux de remplissage (%)', 2),
  ('3ddf5d43-20ef-4243-8e7a-5988442cfc57', 'Commercial', 'Taux de rétention (%)', 3),
  ('3ddf5d43-20ef-4243-8e7a-5988442cfc57', 'Production', 'Taux de diplomation (%)', 0),
  ('3ddf5d43-20ef-4243-8e7a-5988442cfc57', 'Production', 'Taux d''insertion professionnelle (%)', 1),
  ('3ddf5d43-20ef-4243-8e7a-5988442cfc57', 'Production', 'Ratio étudiants / enseignant', 2),
  ('3ddf5d43-20ef-4243-8e7a-5988442cfc57', 'Support', 'Effectif académique', 0),
  ('3ddf5d43-20ef-4243-8e7a-5988442cfc57', 'Support', 'Turnover (%)', 1),
  ('3ddf5d43-20ef-4243-8e7a-5988442cfc57', 'Support', 'Satisfaction étudiants (NPS)', 2),
  ('6f4b60d1-aced-462b-8b04-5c594ed0db3e', 'Management', 'Chiffre d''affaires', 0),
  ('6f4b60d1-aced-462b-8b04-5c594ed0db3e', 'Management', 'Marge (%)', 1),
  ('6f4b60d1-aced-462b-8b04-5c594ed0db3e', 'Management', 'Trésorerie', 2),
  ('6f4b60d1-aced-462b-8b04-5c594ed0db3e', 'Management', 'Financements / subventions', 3),
  ('6f4b60d1-aced-462b-8b04-5c594ed0db3e', 'Commercial', 'Nombre d''apprenants', 0),
  ('6f4b60d1-aced-462b-8b04-5c594ed0db3e', 'Commercial', 'Nouvelles inscriptions', 1),
  ('6f4b60d1-aced-462b-8b04-5c594ed0db3e', 'Commercial', 'Taux de remplissage des sessions (%)', 2),
  ('6f4b60d1-aced-462b-8b04-5c594ed0db3e', 'Commercial', 'Partenariats entreprises', 3),
  ('6f4b60d1-aced-462b-8b04-5c594ed0db3e', 'Production', 'Taux de complétion (%)', 0),
  ('6f4b60d1-aced-462b-8b04-5c594ed0db3e', 'Production', 'Taux de certification (%)', 1),
  ('6f4b60d1-aced-462b-8b04-5c594ed0db3e', 'Production', 'Taux d''insertion / emploi (%)', 2),
  ('6f4b60d1-aced-462b-8b04-5c594ed0db3e', 'Support', 'Effectif formateurs', 0),
  ('6f4b60d1-aced-462b-8b04-5c594ed0db3e', 'Support', 'Satisfaction apprenants', 1),
  ('6f4b60d1-aced-462b-8b04-5c594ed0db3e', 'Support', 'Turnover (%)', 2),
  ('09a01cce-4494-4908-9165-6b3f3d3a4059', 'Management', 'Chiffre d''affaires', 0),
  ('09a01cce-4494-4908-9165-6b3f3d3a4059', 'Management', 'Marge brute (%)', 1),
  ('09a01cce-4494-4908-9165-6b3f3d3a4059', 'Management', 'Burn rate mensuel', 2),
  ('09a01cce-4494-4908-9165-6b3f3d3a4059', 'Management', 'Runway (mois)', 3),
  ('09a01cce-4494-4908-9165-6b3f3d3a4059', 'Commercial', 'Utilisateurs actifs (MAU)', 0),
  ('09a01cce-4494-4908-9165-6b3f3d3a4059', 'Commercial', 'Nouveaux inscrits', 1),
  ('09a01cce-4494-4908-9165-6b3f3d3a4059', 'Commercial', 'Taux d''attrition (%)', 2),
  ('09a01cce-4494-4908-9165-6b3f3d3a4059', 'Commercial', 'Taux de conversion gratuit → payant (%)', 3),
  ('09a01cce-4494-4908-9165-6b3f3d3a4059', 'Production', 'Taux de complétion des cours (%)', 0),
  ('09a01cce-4494-4908-9165-6b3f3d3a4059', 'Production', 'Engagement (temps / session)', 1),
  ('09a01cce-4494-4908-9165-6b3f3d3a4059', 'Production', 'Disponibilité plateforme (%)', 2),
  ('09a01cce-4494-4908-9165-6b3f3d3a4059', 'Support', 'Effectif', 0),
  ('09a01cce-4494-4908-9165-6b3f3d3a4059', 'Support', 'Tickets support', 1),
  ('09a01cce-4494-4908-9165-6b3f3d3a4059', 'Support', 'NPS', 2),
  ('4499f8f7-9d22-4db3-a06e-002cccf9a287', 'Management', 'Chiffre d''affaires', 0),
  ('4499f8f7-9d22-4db3-a06e-002cccf9a287', 'Management', 'Marge (%)', 1),
  ('4499f8f7-9d22-4db3-a06e-002cccf9a287', 'Management', 'Trésorerie', 2),
  ('4499f8f7-9d22-4db3-a06e-002cccf9a287', 'Management', 'Carnet de commandes', 3),
  ('4499f8f7-9d22-4db3-a06e-002cccf9a287', 'Commercial', 'Nombre de sessions vendues', 0),
  ('4499f8f7-9d22-4db3-a06e-002cccf9a287', 'Commercial', 'Clients entreprises', 1),
  ('4499f8f7-9d22-4db3-a06e-002cccf9a287', 'Commercial', 'Taux de renouvellement (%)', 2),
  ('4499f8f7-9d22-4db3-a06e-002cccf9a287', 'Commercial', 'Ticket moyen', 3),
  ('4499f8f7-9d22-4db3-a06e-002cccf9a287', 'Production', 'Taux de satisfaction formation (%)', 0),
  ('4499f8f7-9d22-4db3-a06e-002cccf9a287', 'Production', 'Taux de complétion (%)', 1),
  ('4499f8f7-9d22-4db3-a06e-002cccf9a287', 'Production', 'Taux de remplissage (%)', 2),
  ('4499f8f7-9d22-4db3-a06e-002cccf9a287', 'Support', 'Effectif formateurs', 0),
  ('4499f8f7-9d22-4db3-a06e-002cccf9a287', 'Support', 'Turnover (%)', 1),
  ('11d853a6-3530-4563-b937-f80d64b8fa00', 'Management', 'Chiffre d''affaires', 0),
  ('11d853a6-3530-4563-b937-f80d64b8fa00', 'Management', 'EBITDA', 1),
  ('11d853a6-3530-4563-b937-f80d64b8fa00', 'Management', 'Marge (%)', 2),
  ('11d853a6-3530-4563-b937-f80d64b8fa00', 'Management', 'Trésorerie', 3),
  ('11d853a6-3530-4563-b937-f80d64b8fa00', 'Commercial', 'Taux d''occupation (%)', 0),
  ('11d853a6-3530-4563-b937-f80d64b8fa00', 'Commercial', 'Prix moyen par chambre (ADR)', 1),
  ('11d853a6-3530-4563-b937-f80d64b8fa00', 'Commercial', 'RevPAR', 2),
  ('11d853a6-3530-4563-b937-f80d64b8fa00', 'Commercial', 'Part de réservations directes (%)', 3),
  ('11d853a6-3530-4563-b937-f80d64b8fa00', 'Production', 'Note de satisfaction / avis clients', 0),
  ('11d853a6-3530-4563-b937-f80d64b8fa00', 'Production', 'Taux de retour clients (%)', 1),
  ('11d853a6-3530-4563-b937-f80d64b8fa00', 'Production', 'Taux de réclamation (%)', 2),
  ('11d853a6-3530-4563-b937-f80d64b8fa00', 'Support', 'Effectif', 0),
  ('11d853a6-3530-4563-b937-f80d64b8fa00', 'Support', 'Turnover (%)', 1),
  ('11d853a6-3530-4563-b937-f80d64b8fa00', 'Support', 'Productivité / employé', 2),
  ('a13b951c-2912-4f80-9ca5-4f49f910d054', 'Management', 'Chiffre d''affaires', 0),
  ('a13b951c-2912-4f80-9ca5-4f49f910d054', 'Management', 'Marge brute (%)', 1),
  ('a13b951c-2912-4f80-9ca5-4f49f910d054', 'Management', 'Coût matière (%)', 2),
  ('a13b951c-2912-4f80-9ca5-4f49f910d054', 'Management', 'Trésorerie', 3),
  ('a13b951c-2912-4f80-9ca5-4f49f910d054', 'Commercial', 'Nombre de couverts', 0),
  ('a13b951c-2912-4f80-9ca5-4f49f910d054', 'Commercial', 'Ticket moyen', 1),
  ('a13b951c-2912-4f80-9ca5-4f49f910d054', 'Commercial', 'Taux de fréquentation', 2),
  ('a13b951c-2912-4f80-9ca5-4f49f910d054', 'Commercial', 'Taux de fidélisation', 3),
  ('a13b951c-2912-4f80-9ca5-4f49f910d054', 'Production', 'Coût des matières / CA (%)', 0),
  ('a13b951c-2912-4f80-9ca5-4f49f910d054', 'Production', 'Taux de gaspillage (%)', 1),
  ('a13b951c-2912-4f80-9ca5-4f49f910d054', 'Production', 'Temps de service moyen', 2),
  ('a13b951c-2912-4f80-9ca5-4f49f910d054', 'Support', 'Effectif', 0),
  ('a13b951c-2912-4f80-9ca5-4f49f910d054', 'Support', 'Turnover (%)', 1),
  ('a13b951c-2912-4f80-9ca5-4f49f910d054', 'Support', 'Note d''hygiène', 2),
  ('550fab38-66a1-48b1-8374-31def00f6d20', 'Management', 'Chiffre d''affaires', 0),
  ('550fab38-66a1-48b1-8374-31def00f6d20', 'Management', 'Marge (%)', 1),
  ('550fab38-66a1-48b1-8374-31def00f6d20', 'Management', 'Trésorerie', 2),
  ('550fab38-66a1-48b1-8374-31def00f6d20', 'Management', 'BFR', 3),
  ('550fab38-66a1-48b1-8374-31def00f6d20', 'Commercial', 'Nombre de dossiers / voyages vendus', 0),
  ('550fab38-66a1-48b1-8374-31def00f6d20', 'Commercial', 'Panier moyen', 1),
  ('550fab38-66a1-48b1-8374-31def00f6d20', 'Commercial', 'Nouveaux clients', 2),
  ('550fab38-66a1-48b1-8374-31def00f6d20', 'Commercial', 'Taux de conversion (%)', 3),
  ('550fab38-66a1-48b1-8374-31def00f6d20', 'Production', 'Taux de réclamation (%)', 0),
  ('550fab38-66a1-48b1-8374-31def00f6d20', 'Production', 'Délai de traitement dossier', 1),
  ('550fab38-66a1-48b1-8374-31def00f6d20', 'Production', 'Taux d''annulation (%)', 2),
  ('550fab38-66a1-48b1-8374-31def00f6d20', 'Support', 'Effectif', 0),
  ('550fab38-66a1-48b1-8374-31def00f6d20', 'Support', 'Satisfaction clients', 1),
  ('550fab38-66a1-48b1-8374-31def00f6d20', 'Support', 'Turnover (%)', 2),
  ('a80ce18c-d705-4040-8328-6bceeb7f6f89', 'Management', 'Chiffre d''affaires', 0),
  ('a80ce18c-d705-4040-8328-6bceeb7f6f89', 'Management', 'EBITDA', 1),
  ('a80ce18c-d705-4040-8328-6bceeb7f6f89', 'Management', 'Marge (%)', 2),
  ('a80ce18c-d705-4040-8328-6bceeb7f6f89', 'Management', 'Trésorerie', 3),
  ('a80ce18c-d705-4040-8328-6bceeb7f6f89', 'Commercial', 'Nombre de visiteurs', 0),
  ('a80ce18c-d705-4040-8328-6bceeb7f6f89', 'Commercial', 'Ticket moyen', 1),
  ('a80ce18c-d705-4040-8328-6bceeb7f6f89', 'Commercial', 'Taux de fréquentation', 2),
  ('a80ce18c-d705-4040-8328-6bceeb7f6f89', 'Commercial', 'Part billetterie en ligne (%)', 3),
  ('a80ce18c-d705-4040-8328-6bceeb7f6f89', 'Production', 'Taux de satisfaction visiteurs (%)', 0),
  ('a80ce18c-d705-4040-8328-6bceeb7f6f89', 'Production', 'Capacité utilisée (%)', 1),
  ('a80ce18c-d705-4040-8328-6bceeb7f6f89', 'Production', 'Taux de retour (%)', 2),
  ('a80ce18c-d705-4040-8328-6bceeb7f6f89', 'Support', 'Effectif', 0),
  ('a80ce18c-d705-4040-8328-6bceeb7f6f89', 'Support', 'Saisonnalité (variation %)', 1),
  ('a80ce18c-d705-4040-8328-6bceeb7f6f89', 'Support', 'Turnover (%)', 2),
  ('741a856e-2949-4f50-819d-bc693cb1a5c0', 'Management', 'Chiffre d''affaires', 0),
  ('741a856e-2949-4f50-819d-bc693cb1a5c0', 'Management', 'Marge par événement (%)', 1),
  ('741a856e-2949-4f50-819d-bc693cb1a5c0', 'Management', 'Trésorerie', 2),
  ('741a856e-2949-4f50-819d-bc693cb1a5c0', 'Management', 'Carnet de commandes', 3),
  ('741a856e-2949-4f50-819d-bc693cb1a5c0', 'Commercial', 'Nombre d''événements', 0),
  ('741a856e-2949-4f50-819d-bc693cb1a5c0', 'Commercial', 'Nouveaux clients', 1),
  ('741a856e-2949-4f50-819d-bc693cb1a5c0', 'Commercial', 'Ticket moyen', 2),
  ('741a856e-2949-4f50-819d-bc693cb1a5c0', 'Commercial', 'Taux de renouvellement', 3),
  ('741a856e-2949-4f50-819d-bc693cb1a5c0', 'Production', 'Taux de satisfaction client (%)', 0),
  ('741a856e-2949-4f50-819d-bc693cb1a5c0', 'Production', 'Respect du budget (%)', 1),
  ('741a856e-2949-4f50-819d-bc693cb1a5c0', 'Production', 'Taux d''incident (%)', 2),
  ('741a856e-2949-4f50-819d-bc693cb1a5c0', 'Support', 'Effectif permanent', 0),
  ('741a856e-2949-4f50-819d-bc693cb1a5c0', 'Support', 'Recours prestataires (%)', 1),
  ('741a856e-2949-4f50-819d-bc693cb1a5c0', 'Support', 'Turnover (%)', 2),
  ('20a1fb3b-4b97-4889-8403-fe2473e445bc', 'Management', 'Chiffre d''affaires', 0),
  ('20a1fb3b-4b97-4889-8403-fe2473e445bc', 'Management', 'EBITDA', 1),
  ('20a1fb3b-4b97-4889-8403-fe2473e445bc', 'Management', 'Marge (%)', 2),
  ('20a1fb3b-4b97-4889-8403-fe2473e445bc', 'Management', 'Trésorerie', 3),
  ('20a1fb3b-4b97-4889-8403-fe2473e445bc', 'Commercial', 'Audience / téléspectateurs', 0),
  ('20a1fb3b-4b97-4889-8403-fe2473e445bc', 'Commercial', 'Recettes publicitaires', 1),
  ('20a1fb3b-4b97-4889-8403-fe2473e445bc', 'Commercial', 'Nombre d''annonceurs', 2),
  ('20a1fb3b-4b97-4889-8403-fe2473e445bc', 'Commercial', 'Abonnés', 3),
  ('20a1fb3b-4b97-4889-8403-fe2473e445bc', 'Production', 'Volume de contenus produits', 0),
  ('20a1fb3b-4b97-4889-8403-fe2473e445bc', 'Production', 'Coût par production', 1),
  ('20a1fb3b-4b97-4889-8403-fe2473e445bc', 'Production', 'Taux de diffusion à l''heure (%)', 2),
  ('20a1fb3b-4b97-4889-8403-fe2473e445bc', 'Support', 'Effectif', 0),
  ('20a1fb3b-4b97-4889-8403-fe2473e445bc', 'Support', 'Turnover (%)', 1),
  ('20a1fb3b-4b97-4889-8403-fe2473e445bc', 'Support', 'Taux de pige (%)', 2),
  ('f7c78e7f-5452-42f8-b116-da272583b70d', 'Management', 'Chiffre d''affaires', 0),
  ('f7c78e7f-5452-42f8-b116-da272583b70d', 'Management', 'Marge (%)', 1),
  ('f7c78e7f-5452-42f8-b116-da272583b70d', 'Management', 'Taux d''utilisation (staffing %)', 2),
  ('f7c78e7f-5452-42f8-b116-da272583b70d', 'Management', 'Trésorerie', 3),
  ('f7c78e7f-5452-42f8-b116-da272583b70d', 'Commercial', 'Carnet de commandes', 0),
  ('f7c78e7f-5452-42f8-b116-da272583b70d', 'Commercial', 'Nouveaux clients (budgets)', 1),
  ('f7c78e7f-5452-42f8-b116-da272583b70d', 'Commercial', 'Taux de rétention clients (%)', 2),
  ('f7c78e7f-5452-42f8-b116-da272583b70d', 'Commercial', 'Revenu par client', 3),
  ('f7c78e7f-5452-42f8-b116-da272583b70d', 'Production', 'Campagnes livrées à temps (%)', 0),
  ('f7c78e7f-5452-42f8-b116-da272583b70d', 'Production', 'ROI campagnes clients', 1),
  ('f7c78e7f-5452-42f8-b116-da272583b70d', 'Production', 'Taux de satisfaction (%)', 2),
  ('f7c78e7f-5452-42f8-b116-da272583b70d', 'Support', 'Effectif', 0),
  ('f7c78e7f-5452-42f8-b116-da272583b70d', 'Support', 'Turnover (%)', 1),
  ('b85d3fa5-b839-495a-a010-f2ca1c17dceb', 'Management', 'Chiffre d''affaires', 0),
  ('b85d3fa5-b839-495a-a010-f2ca1c17dceb', 'Management', 'Marge (%)', 1),
  ('b85d3fa5-b839-495a-a010-f2ca1c17dceb', 'Management', 'Trésorerie', 2),
  ('b85d3fa5-b839-495a-a010-f2ca1c17dceb', 'Management', 'Revenus récurrents (droits)', 3),
  ('b85d3fa5-b839-495a-a010-f2ca1c17dceb', 'Commercial', 'Nombre de ventes / œuvres', 0),
  ('b85d3fa5-b839-495a-a010-f2ca1c17dceb', 'Commercial', 'Nouveaux clients / licences', 1),
  ('b85d3fa5-b839-495a-a010-f2ca1c17dceb', 'Commercial', 'Ticket moyen', 2),
  ('b85d3fa5-b839-495a-a010-f2ca1c17dceb', 'Commercial', 'Audience', 3),
  ('b85d3fa5-b839-495a-a010-f2ca1c17dceb', 'Production', 'Volume de productions', 0),
  ('b85d3fa5-b839-495a-a010-f2ca1c17dceb', 'Production', 'Délai de production', 1),
  ('b85d3fa5-b839-495a-a010-f2ca1c17dceb', 'Production', 'Taux de projets rentables (%)', 2),
  ('b85d3fa5-b839-495a-a010-f2ca1c17dceb', 'Support', 'Effectif', 0),
  ('b85d3fa5-b839-495a-a010-f2ca1c17dceb', 'Support', 'Recours freelances (%)', 1),
  ('b85d3fa5-b839-495a-a010-f2ca1c17dceb', 'Support', 'Turnover (%)', 2),
  ('2f9a4dec-b1d8-43db-9730-07a5a4ce792c', 'Management', 'Chiffre d''affaires', 0),
  ('2f9a4dec-b1d8-43db-9730-07a5a4ce792c', 'Management', 'Marge brute (%)', 1),
  ('2f9a4dec-b1d8-43db-9730-07a5a4ce792c', 'Management', 'Rotation des stocks', 2),
  ('2f9a4dec-b1d8-43db-9730-07a5a4ce792c', 'Management', 'Trésorerie', 3),
  ('2f9a4dec-b1d8-43db-9730-07a5a4ce792c', 'Commercial', 'Volume vendu (tirages)', 0),
  ('2f9a4dec-b1d8-43db-9730-07a5a4ce792c', 'Commercial', 'Nouveaux clients', 1),
  ('2f9a4dec-b1d8-43db-9730-07a5a4ce792c', 'Commercial', 'Ticket moyen', 2),
  ('2f9a4dec-b1d8-43db-9730-07a5a4ce792c', 'Commercial', 'Carnet de commandes', 3),
  ('2f9a4dec-b1d8-43db-9730-07a5a4ce792c', 'Production', 'Volume produit', 0),
  ('2f9a4dec-b1d8-43db-9730-07a5a4ce792c', 'Production', 'Taux de rebut / gâche (%)', 1),
  ('2f9a4dec-b1d8-43db-9730-07a5a4ce792c', 'Production', 'Respect des délais (%)', 2),
  ('2f9a4dec-b1d8-43db-9730-07a5a4ce792c', 'Production', 'Capacité utilisée (%)', 3),
  ('2f9a4dec-b1d8-43db-9730-07a5a4ce792c', 'Support', 'Effectif', 0),
  ('2f9a4dec-b1d8-43db-9730-07a5a4ce792c', 'Support', 'Accidents de travail', 1),
  ('2f9a4dec-b1d8-43db-9730-07a5a4ce792c', 'Support', 'Turnover (%)', 2),
  ('5c9a4ea1-6a48-46bd-84d0-6cbaa93caf9e', 'Management', 'Chiffre d''affaires', 0),
  ('5c9a4ea1-6a48-46bd-84d0-6cbaa93caf9e', 'Management', 'Marge (%)', 1),
  ('5c9a4ea1-6a48-46bd-84d0-6cbaa93caf9e', 'Management', 'Taux d''utilisation (staffing %)', 2),
  ('5c9a4ea1-6a48-46bd-84d0-6cbaa93caf9e', 'Management', 'Trésorerie', 3),
  ('5c9a4ea1-6a48-46bd-84d0-6cbaa93caf9e', 'Commercial', 'Nombre de clients actifs', 0),
  ('5c9a4ea1-6a48-46bd-84d0-6cbaa93caf9e', 'Commercial', 'Nouveaux mandats', 1),
  ('5c9a4ea1-6a48-46bd-84d0-6cbaa93caf9e', 'Commercial', 'Taux de rétention (%)', 2),
  ('5c9a4ea1-6a48-46bd-84d0-6cbaa93caf9e', 'Commercial', 'Revenu par client', 3),
  ('5c9a4ea1-6a48-46bd-84d0-6cbaa93caf9e', 'Production', 'Heures facturables (%)', 0),
  ('5c9a4ea1-6a48-46bd-84d0-6cbaa93caf9e', 'Production', 'Délai de livraison des missions', 1),
  ('5c9a4ea1-6a48-46bd-84d0-6cbaa93caf9e', 'Production', 'Taux de satisfaction (%)', 2),
  ('5c9a4ea1-6a48-46bd-84d0-6cbaa93caf9e', 'Support', 'Effectif', 0),
  ('5c9a4ea1-6a48-46bd-84d0-6cbaa93caf9e', 'Support', 'Turnover (%)', 1),
  ('5c9a4ea1-6a48-46bd-84d0-6cbaa93caf9e', 'Support', 'Taux de certification / diplômés', 2),
  ('19344c8d-1189-4ccc-b1d3-1ddca844c30e', 'Management', 'Chiffre d''affaires', 0),
  ('19344c8d-1189-4ccc-b1d3-1ddca844c30e', 'Management', 'EBITDA', 1),
  ('19344c8d-1189-4ccc-b1d3-1ddca844c30e', 'Management', 'Marge (%)', 2),
  ('19344c8d-1189-4ccc-b1d3-1ddca844c30e', 'Management', 'Trésorerie', 3),
  ('19344c8d-1189-4ccc-b1d3-1ddca844c30e', 'Commercial', 'Nombre de contrats / sites', 0),
  ('19344c8d-1189-4ccc-b1d3-1ddca844c30e', 'Commercial', 'Nouveaux clients', 1),
  ('19344c8d-1189-4ccc-b1d3-1ddca844c30e', 'Commercial', 'Taux de rétention (%)', 2),
  ('19344c8d-1189-4ccc-b1d3-1ddca844c30e', 'Commercial', 'Revenu par contrat', 3),
  ('19344c8d-1189-4ccc-b1d3-1ddca844c30e', 'Production', 'Taux de couverture des postes (%)', 0),
  ('19344c8d-1189-4ccc-b1d3-1ddca844c30e', 'Production', 'Incidents de sécurité', 1),
  ('19344c8d-1189-4ccc-b1d3-1ddca844c30e', 'Production', 'Taux d''absentéisme agents (%)', 2),
  ('19344c8d-1189-4ccc-b1d3-1ddca844c30e', 'Support', 'Effectif agents', 0),
  ('19344c8d-1189-4ccc-b1d3-1ddca844c30e', 'Support', 'Turnover (%)', 1),
  ('19344c8d-1189-4ccc-b1d3-1ddca844c30e', 'Support', 'Heures de formation', 2),
  ('85fd37e5-a632-4fc0-8ebf-ffc6b9094ce8', 'Management', 'Chiffre d''affaires', 0),
  ('85fd37e5-a632-4fc0-8ebf-ffc6b9094ce8', 'Management', 'EBITDA', 1),
  ('85fd37e5-a632-4fc0-8ebf-ffc6b9094ce8', 'Management', 'Marge (%)', 2),
  ('85fd37e5-a632-4fc0-8ebf-ffc6b9094ce8', 'Management', 'Trésorerie', 3),
  ('85fd37e5-a632-4fc0-8ebf-ffc6b9094ce8', 'Commercial', 'Nombre de contrats / sites', 0),
  ('85fd37e5-a632-4fc0-8ebf-ffc6b9094ce8', 'Commercial', 'Nouveaux clients', 1),
  ('85fd37e5-a632-4fc0-8ebf-ffc6b9094ce8', 'Commercial', 'Taux de rétention (%)', 2),
  ('85fd37e5-a632-4fc0-8ebf-ffc6b9094ce8', 'Commercial', 'Revenu par site', 3),
  ('85fd37e5-a632-4fc0-8ebf-ffc6b9094ce8', 'Production', 'Taux de satisfaction client (%)', 0),
  ('85fd37e5-a632-4fc0-8ebf-ffc6b9094ce8', 'Production', 'Taux de réclamation (%)', 1),
  ('85fd37e5-a632-4fc0-8ebf-ffc6b9094ce8', 'Production', 'Taux de couverture des prestations (%)', 2),
  ('85fd37e5-a632-4fc0-8ebf-ffc6b9094ce8', 'Support', 'Effectif', 0),
  ('85fd37e5-a632-4fc0-8ebf-ffc6b9094ce8', 'Support', 'Turnover (%)', 1),
  ('85fd37e5-a632-4fc0-8ebf-ffc6b9094ce8', 'Support', 'Absentéisme (%)', 2),
  ('801b27b0-73eb-4f22-bec9-6b8bc0c40720', 'Management', 'Chiffre d''affaires', 0),
  ('801b27b0-73eb-4f22-bec9-6b8bc0c40720', 'Management', 'Marge (%)', 1),
  ('801b27b0-73eb-4f22-bec9-6b8bc0c40720', 'Management', 'BFR', 2),
  ('801b27b0-73eb-4f22-bec9-6b8bc0c40720', 'Management', 'Trésorerie', 3),
  ('801b27b0-73eb-4f22-bec9-6b8bc0c40720', 'Commercial', 'Nombre de placements / missions', 0),
  ('801b27b0-73eb-4f22-bec9-6b8bc0c40720', 'Commercial', 'Nouveaux clients', 1),
  ('801b27b0-73eb-4f22-bec9-6b8bc0c40720', 'Commercial', 'Taux de transformation (%)', 2),
  ('801b27b0-73eb-4f22-bec9-6b8bc0c40720', 'Commercial', 'Revenu par mission', 3),
  ('801b27b0-73eb-4f22-bec9-6b8bc0c40720', 'Production', 'Délai de placement moyen', 0),
  ('801b27b0-73eb-4f22-bec9-6b8bc0c40720', 'Production', 'Taux de satisfaction clients (%)', 1),
  ('801b27b0-73eb-4f22-bec9-6b8bc0c40720', 'Production', 'Taux de renouvellement des missions (%)', 2),
  ('801b27b0-73eb-4f22-bec9-6b8bc0c40720', 'Support', 'Effectif interne', 0),
  ('801b27b0-73eb-4f22-bec9-6b8bc0c40720', 'Support', 'Vivier de candidats', 1),
  ('801b27b0-73eb-4f22-bec9-6b8bc0c40720', 'Support', 'Turnover (%)', 2);
